平台,平台ID,C门店ID,最新评分,有订单
美团,10025474,C07606,4.2,True
美团,10046757,C07960,4.3,True
美团,10052945,C05908,4.5,True
美团,10052957,C07605,4.6,True
美团,10088996,C08045,4.8,True
美团,10117835,C08088,3.7,True
美团,10131922,C07760,4.5,True
美团,1016735,C02232,0.0,False
美团,10180134,C04120,4.6,True
美团,10209227,C08101,4.3,False
美团,10211328,C08076,4.3,True
美团,10211481,C08142,0.0,False
美团,10212820,C08100,4.3,True
美团,10257672,C08234,0.0,False
美团,1037542,C13821,0.0,False
美团,10383223,C08311,4.7,True
美团,10410586,C04764,4.6,True
美团,10464635,C10499,4.5,True
美团,10485516,C07294,4.5,True
美团,10616307,C12240,4.8,True
美团,10663968,C00908,4.5,True
美团,10686349,C03600,4.0,True
美团,10699571,C02617,4.9,True
美团,10702544,C02882,0.0,True
美团,10710419,C08443,4.1,True
美团,1073274,C01152,0.0,True
美团,10734164,C08374,4.8,True
美团,10770216,C02329,0.0,False
美团,10770217,C02046,4.7,True
美团,10770283,C08423,4.6,True
美团,10817151,C02203,4.5,True
美团,10890319,C00479,0.0,True
美团,10911956,C07901,4.4,True
美团,10917066,C08553,4.9,True
美团,10939628,C13270,4.6,True
美团,10979238,C03607,4.4,True
美团,11024319,C07923,0.0,True
美团,11028681,C08646,4.3,True
美团,11035464,C08597,4.7,True
美团,1103577,C02341,4.6,True
美团,11147407,C07662,0.0,False
美团,11154517,C08708,4.5,True
美团,1126687,C01093,4.0,True
美团,11341541,C03188,4.7,True
美团,11437757,C08504,4.5,True
美团,1145459,C02872,4.7,True
美团,11485413,C09104,4.4,True
美团,1158330,C03020,4.8,True
美团,11616645,C08895,4.2,True
美团,1174524,C02087,4.8,True
美团,11765852,C09015,0.0,False
美团,1176632,C00475,0.0,False
美团,1182775,C00713,3.7,False
美团,11838514,C00455,4.7,True
美团,11838517,C00456,4.7,True
美团,11838521,C00512,0.0,True
美团,11948784,C08735,3.4,True
美团,1205341,C00959,4.2,False
美团,12111662,C09010,4.1,True
美团,12150133,C09023,4.6,True
美团,12192708,C09146,4.4,True
美团,12315719,C03991,3.9,True
美团,12366975,C09198,4.6,True
美团,12393944,C08581,4.2,True
美团,1244998,C14250,4.6,True
美团,1254023,C01083,4.4,False
美团,12745836,C09238,4.5,True
美团,1277982,C01139,4.8,True
美团,12785680,C09267,4.2,True
美团,12785684,C06682,0.0,True
美团,12792576,C13951,0.0,False
美团,1281149,C02253,4.5,True
美团,12839898,C09310,4.7,False
美团,12840741,C02252,4.6,True
美团,12850678,C13068,4.2,True
美团,12897407,C07666,4.0,True
美团,12897510,C09404,4.3,True
美团,12919795,C08340,4.5,True
美团,12919796,C04363,4.8,True
美团,13036643,C09523,4.7,True
美团,13040350,C02011,4.6,True
美团,13041427,C09505,4.6,True
美团,13041429,C09402,0.0,False
美团,1306834,C00463,4.7,True
美团,13102695,C00711,3.9,True
美团,13110756,C09001,0.0,False
美团,13114411,C09391,0.0,True
美团,13125640,C09342,4.7,True
美团,13130349,C00871,0.0,True
美团,1315610,C00712,4.4,True
美团,13172635,C09409,0.0,False
美团,13196551,C09549,4.1,True
美团,13202393,C12878,4.3,True
美团,13202571,C04267,4.5,True
美团,13207652,C09566,0.0,False
美团,13207839,C09594,0.0,False
美团,13213587,C08466,0.0,False
美团,13215959,C09547,4.7,True
美团,13226973,C02456,4.6,True
美团,13256987,C08122,4.1,True
美团,13261185,C09403,4.8,True
美团,13285416,C02893,4.5,True
美团,13383568,C09229,4.5,True
美团,13385552,C02916,3.9,True
美团,13404401,C08881,0.0,True
美团,13448520,C09431,4.6,True
美团,13474337,C09693,0.0,False
美团,13492369,C09646,4.7,True
美团,13527977,C09704,3.0,True
美团,13534399,C09703,0.0,False
美团,13553252,C00952,4.3,True
美团,13650478,C09801,0.0,False
美团,13653715,C05477,4.6,True
美团,13691178,C00526,4.3,True
美团,13712478,C11498,4.5,True
美团,13723993,C00470,4.2,True
美团,1376286,C01121,4.7,True
美团,13791264,C00746,0.0,True
美团,13801066,C09764,4.5,True
美团,13807540,C09502,0.0,False
美团,13807541,C11441,3.9,True
美团,13809789,C00006,4.7,True
美团,13840377,C09712,0.0,False
美团,13858356,C09394,4.5,True
美团,13860762,C00126,4.7,True
美团,13860852,C09039,4.4,True
美团,13863517,C02135,4.4,True
美团,13876673,C09784,0.0,False
美团,13886370,C04225,4.6,True
美团,1389435,C02229,4.4,True
美团,13899823,C00503,0.0,True
美团,13899902,C00828,4.5,True
美团,13900074,C09673,4.3,True
美团,13987511,C03106,4.7,True
美团,14016567,C02003,0.0,True
美团,14016570,C06423,4.2,True
美团,14016862,C05093,0.0,True
美团,14021138,C09919,4.4,True
美团,14082776,C01075,0.0,False
美团,14108869,C09685,4.4,True
美团,14169806,C01229,0.0,False
美团,14214252,C09099,4.5,True
美团,14215451,C10066,4.5,True
美团,14224210,C09707,4.5,True
美团,14225507,C01055,0.0,True
美团,14245649,C14633,4.5,True
美团,14282682,C08948,4.6,True
美团,14283590,C07493,3.8,True
美团,14301976,C00682,4.5,True
美团,14309103,C10068,0.0,False
美团,14309192,C13371,4.6,True
美团,14481871,C13141,0.0,False
美团,14497572,C02276,4.3,True
美团,14513418,C14538,0.0,True
美团,14549584,C10135,0.0,False
美团,14634679,,0.0,False
美团,14657749,C10243,4.2,True
美团,14718701,C10177,4.6,True
美团,14718863,C09867,0.0,True
美团,14719308,C10182,4.8,True
美团,14722469,C08132,4.5,True
美团,14724712,C10183,4.4,True
美团,14737402,C08505,0.0,False
美团,14743219,C10169,0.0,False
美团,14765362,C10218,4.3,True
美团,1477574,C02889,4.4,True
美团,1485822,C01399,4.5,True
美团,14959356,C02536,0.0,False
美团,1501228,C01159,0.0,False
美团,15014348,C10316,4.6,True
美团,15017326,C00749,4.5,True
美团,15022640,C10172,4.8,True
美团,15027095,C10417,4.2,False
美团,15032706,C10229,4.8,True
美团,15044472,C10332,4.6,True
美团,15083763,C10270,0.0,False
美团,15104317,C10356,4.7,True
美团,15165753,C07646,4.6,True
美团,15165966,C00125,4.6,True
美团,15166005,C00011,4.5,True
美团,15166221,C10337,0.0,True
美团,15166269,C10320,0.0,True
美团,15166322,C10380,4.8,True
美团,15166398,C00016,4.5,True
美团,15212380,C10301,4.7,True
美团,15248460,C04450,4.3,True
美团,15262564,C10453,4.7,True
美团,15281570,C08796,4.6,True
美团,15376634,C10434,4.4,True
美团,15407456,C10442,4.1,True
美团,15410018,C10470,4.3,True
美团,15428794,C02652,4.8,True
美团,15442268,C10567,4.5,True
美团,15462308,C13225,4.7,True
美团,15601573,C10727,4.2,True
美团,15625570,C10769,0.0,False
美团,1566576,C02139,4.9,True
美团,15700996,C09208,4.6,True
美团,15701688,C10302,0.0,False
美团,15702373,C10726,4.3,True
美团,15765636,C00005,4.1,True
美团,15765859,C03173,4.3,True
美团,15803970,C10844,4.8,True
美团,15805116,C10583,4.6,True
美团,15809965,C10585,0.0,False
美团,15932094,C07072,4.5,True
美团,15932300,C00067,4.6,True
美团,15933128,C00010,4.6,True
美团,15933854,C00007,4.5,True
美团,15954961,C10887,0.0,True
美团,15955096,C00250,4.4,True
美团,15983740,C10822,4.3,True
美团,15985375,C00369,0.0,True
美团,15996133,C07737,4.5,True
美团,15997147,C01848,4.4,True
美团,16008250,C10402,0.0,False
美团,1609551,C02333,4.3,False
美团,16174802,C03612,0.0,True
美团,1620832,C01125,0.0,False
美团,16212352,C03922,0.0,True
美团,16212700,C00461,4.7,True
美团,16212964,C13399,4.6,True
美团,16214879,C10885,0.0,True
美团,16228817,C10998,4.3,True
美团,16241466,C10910,4.7,True
美团,16426169,C00398,0.0,True
美团,16426288,C00392,4.6,True
美团,16426475,C00405,4.6,True
美团,16431383,C10562,4.2,True
美团,16433517,C00900,4.6,True
美团,16433779,C11006,4.0,True
美团,16442261,C11106,4.6,True
美团,16442743,C10783,4.6,True
美团,16442952,C11064,4.6,True
美团,16445271,C01072,4.4,True
美团,16480674,C00402,4.6,True
美团,1655244,C02288,4.3,True
美团,16601678,C11141,3.5,True
美团,16642805,C10051,4.0,True
美团,1665449,C01933,4.6,True
美团,16660145,C11152,4.5,True
美团,16696642,C11251,4.7,True
美团,16728225,C00008,4.7,True
美团,16733848,C11187,4.0,True
美团,16760578,C12078,4.7,True
美团,16772616,C00808,0.0,True
美团,1677882,C01077,3.9,True
美团,16787170,C01058,0.0,True
美团,16795853,C10981,4.1,False
美团,16800143,C10897,4.1,True
美团,16895113,C11177,4.2,True
美团,17127175,C11280,4.3,True
美团,1713009,C00988,0.0,False
美团,17166293,C11134,4.1,True
美团,17191876,C06012,0.0,False
美团,1722539,C02923,4.3,True
美团,17257910,C11369,4.2,True
美团,17288846,C11377,4.7,True
美团,17296222,C00996,0.0,False
美团,17323134,C11328,4.3,True
美团,17334483,C11472,4.7,True
美团,17338598,C11258,4.5,True
美团,17369039,C11413,3.9,True
美团,17401161,C08204,4.1,True
美团,17401307,C00703,4.5,True
美团,17401412,C09209,4.4,True
美团,17436897,C11448,0.0,False
美团,17450172,C13632,4.2,True
美团,17452258,C04676,0.0,False
美团,17543868,C11499,0.0,False
美团,17597223,C11330,4.4,True
美团,17607180,C11437,4.7,True
美团,17624479,C11429,0.0,False
美团,17651012,C14823,0.0,False
美团,17651442,C00460,0.0,True
美团,17651461,C11458,4.8,True
美团,17660475,C08309,0.0,True
美团,17716668,C02866,3.9,True
美团,17732032,C03009,4.7,True
美团,17805681,C05901,4.6,True
美团,17805803,C08048,0.0,True
美团,17822099,C00758,4.8,True
美团,17861855,C11581,4.7,True
美团,17887351,C11603,4.4,True
美团,17898403,C03818,4.4,False
美团,17926654,C11560,4.6,True
美团,17943928,C01216,4.8,True
美团,17948098,C07814,3.8,True
美团,17965494,C00162,4.1,True
美团,17966434,C01999,4.4,True
美团,17966530,C11640,4.5,True
美团,17979084,C11596,4.4,True
美团,18040143,C11745,4.5,True
美团,18071376,C00391,0.0,True
美团,18110397,C11850,0.0,False
美团,18122225,C01018,0.0,False
美团,18142410,C11609,4.7,True
美团,1816501,C01095,4.1,True
美团,18196742,C03299,0.0,True
美团,18196889,C01849,4.5,True
美团,18263568,C11709,0.0,True
美团,18275922,C11565,0.0,False
美团,18276211,C11840,4.4,False
美团,18282959,C07642,4.3,True
美团,18287360,C11889,4.3,True
美团,18301342,C11792,4.3,True
美团,18302621,C11748,0.0,False
美团,18313221,C11810,4.6,True
美团,18338465,C11762,4.7,True
美团,18338564,C04246,4.1,True
美团,18378641,C11259,4.5,False
美团,18379523,C11812,0.0,False
美团,18381545,C11771,4.6,True
美团,1841001,C02477,0.0,True
美团,184295,C02183,4.7,True
美团,18433172,C06017,4.3,True
美团,18444941,C11743,4.8,True
美团,18454312,C11761,4.4,True
美团,18454452,C11204,4.7,True
美团,18454652,C11442,2.9,True
美团,18478237,C10646,0.0,True
美团,18480264,C11873,4.7,True
美团,18493189,C11932,4.0,True
美团,18502669,C11881,0.0,False
美团,18506892,C08198,4.6,True
美团,1850898,C01099,4.5,True
美团,18535852,C01100,0.0,False
美团,18625698,C11856,4.7,True
美团,18626004,C11742,4.2,True
美团,18635463,C12039,4.8,True
美团,1866253,C02978,4.2,False
美团,18671121,C12029,4.4,True
美团,18671212,C11756,0.0,True
美团,18808582,C08937,0.0,False
美团,18866059,C12086,4.5,True
美团,18902218,C12133,0.0,True
美团,18927120,C02690,4.4,True
美团,18935340,C12045,4.3,True
美团,19004357,C12210,4.6,True
美团,19073914,C12251,0.0,True
美团,19088943,C11397,0.0,True
美团,19091197,C12302,4.5,True
美团,19091599,C11878,4.4,True
美团,19100676,C12215,4.6,True
美团,19110283,C12237,0.0,False
美团,1911031,C02629,4.6,True
美团,19127496,C12306,4.5,True
美团,1915508,C00986,4.4,True
美团,19156598,C12377,0.0,False
美团,19161398,C14851,4.4,True
美团,19174824,C01842,4.3,True
美团,19191303,C00499,4.8,True
美团,19199032,C12396,4.6,True
美团,19204345,C02665,4.7,True
美团,19217992,C10418,0.0,True
美团,19218689,C11275,0.0,False
美团,19265129,C11809,0.0,True
美团,19313267,C12387,4.6,True
美团,19323533,C00766,3.8,True
美团,19323732,C11088,0.0,True
美团,19358022,C10634,0.0,False
美团,19358068,C04902,0.0,True
美团,19361685,C12441,0.0,False
美团,19393063,C12257,4.9,True
美团,19429787,C12452,4.5,True
美团,19440713,C01128,4.5,True
美团,19455979,C12028,0.0,False
美团,19509040,C13543,4.2,True
美团,19520217,C12438,0.0,True
美团,19582934,C12509,0.0,False
美团,19615058,C12119,4.4,True
美团,19649309,C12295,0.0,False
美团,1966397,C02542,0.0,False
美团,19674010,C12548,0.0,False
美团,19706766,C12575,4.1,True
美团,19717907,C11542,0.0,False
美团,19719666,C01081,4.3,True
美团,19723679,C11770,4.6,True
美团,19750467,C12581,4.5,True
美团,19760978,C12602,0.0,False
美团,19770840,C12479,4.3,True
美团,19794949,C02842,4.4,True
美团,19800414,C10627,4.4,True
美团,19834078,C12400,0.0,False
美团,19875831,C12589,4.5,True
美团,19875959,C10630,0.0,False
美团,19907843,C12613,4.4,True
美团,19952630,C12573,0.0,False
美团,20030487,C12658,0.0,False
美团,20046189,C12610,0.0,False
美团,20055304,C02279,4.6,True
美团,20059734,C12612,0.0,False
美团,20121747,C12729,4.5,False
美团,20195829,C12709,4.5,True
美团,20203584,C12595,4.5,True
美团,20205406,C00295,4.6,True
美团,20215694,C11642,4.7,True
美团,20216013,C12908,4.6,True
美团,202169,C00321,4.4,True
美团,20281704,C12915,0.0,False
美团,20306568,C02683,4.5,True
美团,20360959,C06926,0.0,True
美团,20369637,C11739,4.1,True
美团,20433220,C03936,4.2,False
美团,20465194,C12886,4.2,True
美团,20466964,C12970,4.1,True
美团,20516817,C13103,4.6,True
美团,20517715,C12617,0.0,False
美团,20517945,C12877,0.0,False
美团,20531515,C12656,4.3,True
美团,20543447,C13107,4.3,True
美团,20543514,C13019,0.0,False
美团,20549835,C12906,4.1,False
美团,20574320,C14820,4.3,True
美团,20583192,C12898,3.7,True
美团,20594550,C12949,4.3,True
美团,20599676,C13067,0.0,True
美团,20624789,C12655,4.8,True
美团,20832777,C02038,4.8,True
美团,20878676,C15018,4.3,True
美团,20880405,C01020,0.0,False
美团,20888544,C13148,0.0,False
美团,20901922,C03740,4.6,True
美团,21005705,C12862,0.0,True
美团,21028412,C11719,4.0,True
美团,21076531,C00901,4.0,True
美团,21080114,C10628,4.5,True
美团,21081977,C13131,4.2,False
美团,21083636,C00350,4.6,True
美团,21110410,C12888,0.0,False
美团,21115648,C12057,4.4,True
美团,21138373,C13261,0.0,False
美团,21183925,C13177,4.4,True
美团,21195454,C13179,4.6,True
美团,2121091,C03132,4.5,True
美团,21214877,C12505,4.7,True
美团,21238235,C13219,4.7,False
美团,21263224,C00152,4.6,True
美团,21263855,C13241,4.7,True
美团,21304252,C13175,4.8,True
美团,21349047,C13310,0.0,True
美团,21361986,C13247,4.7,True
美团,21376468,C13240,0.0,False
美团,21378916,C13333,0.0,False
美团,21446767,C13357,4.7,True
美团,21446991,C00927,4.4,True
美团,21469686,C00809,0.0,True
美团,21490573,C12241,0.0,False
美团,21584478,C13220,4.6,True
美团,21600439,C13207,4.4,True
美团,21604548,C01138,4.0,True
美团,21634496,C12097,4.7,True
美团,21665743,C13451,0.0,False
美团,2172028,C02043,4.7,True
美团,2175995,C03006,4.7,True
美团,21784444,C10119,0.0,False
美团,21801081,C13443,0.0,True
美团,21831704,C13439,4.7,True
美团,2185128,C02386,3.9,True
美团,22071092,C00033,4.3,True
美团,22074510,C13199,0.0,False
美团,22078543,C11819,4.6,True
美团,22104809,C13392,4.3,True
美团,22232679,C13513,4.7,True
美团,22236010,C13362,4.6,True
美团,22880086,C13437,4.9,True
美团,23099381,C13469,0.0,False
美团,2318484,C00385,0.0,True
美团,2319358,C00312,0.0,True
美团,2319435,C00292,4.6,True
美团,2319436,C00267,4.8,True
美团,2319441,C00227,4.1,True
美团,2319444,C00222,4.5,True
美团,2319521,C00182,0.0,True
美团,2324876,C02247,4.5,True
美团,2339346,C00170,4.3,True
美团,2353690,C01091,4.5,True
美团,23639516,C09193,4.5,True
美团,23689721,C00708,0.0,False
美团,23741750,C05703,4.4,True
美团,23779789,C13559,0.0,False
美团,23780207,C00509,4.7,True
美团,23810867,C13401,4.6,True
美团,23904650,C12935,4.5,True
美团,23929405,C13595,4.2,False
美团,23978060,C00752,4.7,True
美团,2398232,C00696,4.3,True
美团,2401198,C02216,0.0,True
美团,24027266,C13521,0.0,False
美团,24036060,C10283,4.6,True
美团,24036493,C10284,4.5,True
美团,24036816,C01007,4.5,True
美团,24036831,C10915,4.6,True
美团,24081836,C13618,4.2,True
美团,24085565,C13327,4.6,True
美团,24182576,C07193,4.1,True
美团,24218624,C13562,4.3,True
美团,24223240,C13582,4.5,True
美团,24333944,C13710,0.0,False
美团,24391368,C13678,4.5,True
美团,24396182,C13673,4.5,True
美团,24420792,C15076,4.3,True
美团,24474151,C13716,4.4,True
美团,24475421,C13722,0.0,False
美团,2449985,C01403,4.8,True
美团,24558516,C03033,4.7,True
美团,24560207,C13721,4.3,True
美团,24561596,C13509,4.5,True
美团,24714860,C13745,4.1,True
美团,24750712,C13757,4.4,True
美团,24807477,C13781,4.3,True
美团,24834468,C14572,4.1,True
美团,24883231,C13516,4.7,True
美团,24938784,C13747,4.2,True
美团,2499679,C02195,0.0,False
美团,2500993,C12566,4.8,True
美团,25023533,C13803,0.0,False
美团,25023791,C13877,4.6,True
美团,25024186,C13868,0.0,False
美团,25028217,C13826,4.5,True
美团,25035611,C13829,0.0,False
美团,25150687,C13598,0.0,True
美团,25183630,C13893,4.4,True
美团,25198388,C02555,4.4,True
美团,25321386,C10525,0.0,False
美团,25321530,C13822,4.7,True
美团,25327655,C13901,0.0,True
美团,25364213,C13865,4.4,True
美团,25371016,C13586,4.1,True
美团,25373292,C13845,4.3,True
美团,25374893,C03951,4.7,True
美团,25379857,C13882,4.3,False
美团,25503984,C13912,4.7,True
美团,25504532,C05419,4.7,True
美团,25522543,,0.0,False
美团,25525978,,0.0,True
美团,25576271,C13995,0.0,False
美团,25576768,C13970,4.2,True
美团,25577050,C13913,4.2,True
美团,25594298,,0.0,False
美团,25594301,C11927,0.0,False
美团,25600090,C02221,4.6,True
美团,25656421,C13880,0.0,False
美团,25656898,C13786,4.3,True
美团,25831169,C12279,4.6,True
美团,25863223,C14003,0.0,True
美团,25863313,C06258,4.3,True
美团,25944571,C12079,4.6,True
美团,25985071,C14037,0.0,False
美团,25985366,C14018,0.0,False
美团,25986203,C06753,0.0,False
美团,25987113,C13700,0.0,True
美团,25989788,C12578,0.0,False
美团,26025255,C09165,4.5,True
美团,26026256,C11938,0.0,False
美团,26065394,C05727,4.6,True
美团,26126445,C01199,3.9,True
美团,26126595,C00855,0.0,False
美团,2614484,C02137,4.5,True
美团,26175695,C14033,4.3,True
美团,26226064,C14117,4.3,True
美团,26321901,C05955,0.0,False
美团,26343322,C02536,3.3,True
美团,2634339,C01122,4.6,True
美团,26366126,C14046,4.4,True
美团,26370378,C14196,4.4,True
美团,26386622,C14092,0.0,False
美团,26387735,C14113,0.0,False
美团,26434437,C02005,4.3,True
美团,26540059,C03628,0.0,False
美团,26734776,C14189,4.3,True
美团,2675962,C01413,4.8,True
美团,26772372,C06342,4.1,True
美团,26816279,C05140,4.7,True
美团,26837005,C01079,0.0,True
美团,26851551,C13427,4.5,True
美团,26972129,C11040,0.0,False
美团,27079714,C14264,4.8,True
美团,2708372,C00732,4.1,True
美团,2712458,C00516,0.0,True
美团,27189714,C07790,4.5,True
美团,27218461,C14298,4.5,True
美团,27248731,C14299,0.0,True
美团,27346646,C10427,4.2,False
美团,27350232,C14297,4.5,True
美团,27368303,C05817,4.0,True
美团,27372943,C12587,0.0,True
美团,27374281,C01112,0.0,False
美团,27467282,C07217,4.5,True
美团,27467284,C00481,4.5,True
美团,27467838,C07685,4.6,True
美团,27527503,C00177,4.5,True
美团,27711946,C14318,4.7,True
美团,27798140,C14358,0.0,False
美团,27798143,C14321,0.0,False
美团,27798145,C13447,4.5,True
美团,27798154,C14347,4.5,True
美团,27900231,C14381,4.2,True
美团,27900235,C14384,0.0,False
美团,27900251,C13069,4.4,True
美团,27976920,C11896,4.2,True
美团,27976932,C14276,0.0,False
美团,27978608,C07581,0.0,True
美团,28027015,C14368,4.7,True
美团,280339,C13117,4.7,True
美团,28091976,C14390,4.4,True
美团,28189645,C14345,4.5,True
美团,28189647,C13823,4.5,True
美团,28189691,C14409,4.2,False
美团,28249970,C14452,4.0,True
美团,28298073,C02837,4.3,True
美团,28312390,C04203,4.6,True
美团,28327994,C04616,4.4,True
美团,28361345,C14307,3.9,True
美团,28394211,C14436,0.0,False
美团,28404724,C14464,0.0,False
美团,28404726,C14485,4.4,True
美团,28552152,C14349,4.7,True
美团,28568439,C11842,4.4,True
美团,2861172,C02210,4.3,True
美团,28742718,C14453,0.0,False
美团,28838943,C14546,0.0,False
美团,28879897,C14489,4.8,True
美团,28933086,C14588,0.0,False
美团,29102428,C14569,4.2,True
美团,29102455,C14073,4.5,True
美团,29163412,C14559,4.5,True
美团,29226867,C11723,4.6,True
美团,29271374,C14616,4.0,True
美团,29310495,C14568,4.6,True
美团,2931442,C02192,4.7,True
美团,2931451,C02082,4.6,True
美团,29427387,C14603,4.7,True
美团,2946704,C00492,4.7,True
美团,2946722,C00726,4.6,True
美团,2946724,C00716,4.3,True
美团,2946727,C00707,4.6,True
美团,2946730,C01043,0.0,False
美团,2946731,C01038,3.9,True
美团,2946732,C00999,4.5,False
美团,2946734,C01056,4.6,True
美团,2946738,C01032,4.4,True
美团,2946741,C00983,0.0,False
美团,2947442,C00485,4.6,True
美团,2947443,C00480,4.5,True
美团,2947445,C09064,4.3,True
美团,2947447,C00765,4.5,True
美团,2947449,C00846,4.7,True
美团,2947453,C01016,4.6,True
美团,29507937,C12423,0.0,False
美团,29522025,C00965,4.6,True
美团,29539859,C05780,4.8,True
美团,29564611,C13643,4.5,True
美团,29659719,C13968,4.4,True
美团,29675062,C14612,4.7,True
美团,29784319,C10443,4.4,True
美团,29801200,C14651,4.5,True
美团,29832805,C00310,0.0,False
美团,2989654,C01248,4.2,True
美团,29926983,C09103,0.0,True
美团,30036090,C14661,4.6,True
美团,30179765,C14720,0.0,False
美团,30232740,C14668,0.0,True
美团,30233115,C11343,4.6,True
美团,30235494,C14662,4.4,False
美团,3026431,C07470,0.0,True
美团,3026437,C01167,4.6,True
美团,3026438,C01066,4.5,True
美团,3026439,C01065,0.0,True
美团,30347033,C14725,0.0,True
美团,30347048,C14731,4.4,True
美团,30406107,C14709,4.6,True
美团,30424053,C00525,4.4,True
美团,3048101,C12033,4.1,True
美团,3048102,C03109,4.1,True
美团,30487234,C00989,0.0,True
美团,30563911,C14530,0.0,False
美团,30610997,C14779,0.0,True
美团,3065456,C12696,4.6,True
美团,30826021,C14803,4.6,True
美团,30908325,C14039,4.6,True
美团,30986849,C14793,4.4,True
美团,31108028,C14829,4.6,True
美团,31174152,C06626,0.0,True
美团,31408612,C10096,0.0,False
美团,31422849,C14862,4.3,True
美团,3153187,C02807,4.3,True
美团,3153188,C02068,4.6,True
美团,31565412,C14640,0.0,False
美团,31742023,C08799,4.2,True
美团,31882495,C14861,0.0,False
美团,31937398,C14927,4.2,False
美团,31977433,C14906,4.3,True
美团,32061644,C14949,4.2,True
美团,3207733,C02303,4.4,True
美团,32107817,C14930,0.0,False
美团,3213049,C01190,3.7,True
美团,32208702,C09275,0.0,True
美团,32248280,C14991,4.5,True
美团,32392502,C14978,4.3,False
美团,32445247,C14998,4.6,True
美团,32508356,C15001,4.3,True
美团,32571365,C15002,4.5,True
美团,32571367,C09551,0.0,True
美团,3268359,C03099,4.5,True
美团,32721313,C14996,4.5,True
美团,32782314,C15010,4.0,True
美团,32889589,C14221,0.0,True
美团,32957511,C15019,4.7,True
美团,3299055,C02075,0.0,False
美团,32999930,C12085,4.2,True
美团,33013437,C00356,0.0,True
美团,33102213,C15009,4.5,True
美团,331484,C02583,4.0,True
美团,33275100,C14988,0.0,False
美团,33291522,C15039,0.0,True
美团,33358896,C14990,4.6,True
美团,33363160,C15015,4.3,True
美团,33527951,C15017,0.0,True
美团,3362403,C02668,4.4,True
美团,33627123,C15133,4.5,True
美团,337255,C02266,4.6,True
美团,33737713,,4.6,True
美团,33738020,,0.0,True
美团,33768829,,4.8,True
美团,33815916,,4.6,True
美团,33815960,,4.7,True
美团,33913090,,4.7,True
美团,34009025,,4.9,True
美团,3432145,C02647,4.7,True
美团,3432732,C01972,4.5,True
美团,3433440,C00963,4.0,True
美团,3447741,C02925,4.5,True
美团,3466211,C00899,0.0,True
美团,351225,C02448,4.7,True
美团,3539504,C01150,4.6,True
美团,3551448,C03013,4.0,True
美团,3551454,C01936,4.4,True
美团,3551521,C00401,4.2,True
美团,3551524,C01986,4.4,True
美团,3556519,C01078,4.3,True
美团,3567468,C02120,4.6,True
美团,3632183,C07661,4.7,True
美团,3632191,C00023,4.0,True
美团,3632192,C00081,4.4,True
美团,3632196,C00003,4.6,True
美团,3632197,C00013,4.4,True
美团,3632202,C00002,4.7,True
美团,3632660,C00117,0.0,True
美团,3632755,C00021,4.1,True
美团,3632757,C00127,4.6,True
美团,3632758,C00025,0.0,True
美团,3632759,C00039,4.4,True
美团,366226,C02180,4.1,False
美团,3709878,C00372,4.5,True
美团,3709880,C00149,0.0,True
美团,3709881,C00288,0.0,True
美团,3709883,C00189,4.1,True
美团,3709890,C02299,4.5,True
美团,3742813,C01400,0.0,False
美团,3766460,C15041,4.6,True
美团,3800103,C02245,0.0,False
美团,3800475,C00258,4.5,True
美团,388276,C02513,4.5,True
美团,3901238,C00478,4.4,True
美团,3901263,C00689,4.7,True
美团,3901264,C00700,4.7,True
美团,3901266,C00985,4.1,True
美团,3901269,C00893,4.5,True
美团,3901270,C00892,4.8,True
美团,3901703,C01162,0.0,True
美团,3901715,C00981,0.0,True
美团,3901717,C00690,4.5,True
美团,3901798,C01173,4.3,True
美团,3901800,C00912,0.0,True
美团,3952184,C02858,0.0,False
美团,399585,C14627,4.6,True
美团,4034668,C00489,4.5,True
美团,405353,C02712,4.7,True
美团,410437,C02933,4.5,True
美团,4117735,C00173,4.5,True
美团,4117898,C00993,0.0,True
美团,4142305,C01861,4.2,True
美团,4163854,C00780,4.7,True
美团,4164208,C00671,4.5,True
美团,4248420,C00409,4.4,True
美团,4248606,C02498,4.6,True
美团,4291338,C02049,4.0,True
美团,4333488,C02162,4.6,True
美团,4357515,C00815,0.0,False
美团,4357516,C00729,4.3,True
美团,4389516,C00241,4.3,True
美团,4389520,C03363,0.0,False
美团,4438420,C03738,0.0,True
美团,4449537,C00930,4.2,True
美团,4504926,C03463,4.7,True
美团,4596548,C03765,4.7,True
美团,4596633,C03234,0.0,True
美团,4653665,C01373,4.2,True
美团,4653668,C02017,4.2,True
美团,4653671,C00046,4.4,True
美团,4653681,C03131,4.4,True
美团,475300,C03017,0.0,False
美团,4770489,C02236,4.9,True
美团,4831399,C02535,4.3,True
美团,4832537,C03978,4.7,True
美团,4832630,C03967,4.7,True
美团,4832633,C02688,0.0,False
美团,4851073,C01301,4.6,True
美团,492346,C02256,4.7,True
美团,4942047,C03943,4.4,True
美团,4942833,C12875,0.0,False
美团,5059259,C04169,4.1,True
美团,512994,C02919,4.6,True
美团,5134373,C03947,4.9,True
美团,5134449,C04070,4.0,True
美团,5162924,C14999,4.2,False
美团,5204032,C03999,4.4,True
美团,521988,C02515,0.0,False
美团,5223649,C03761,4.4,True
美团,5294396,C10462,4.2,True
美团,5311757,C05482,0.0,True
美团,5311764,C01088,4.4,True
美团,5311765,C01002,4.5,True
美团,5312243,C04110,4.5,True
美团,5312245,C04390,4.2,True
美团,5372312,C00412,4.5,True
美团,5373897,C04111,4.5,True
美团,5373898,C04133,4.6,False
美团,5428910,C02007,4.6,True
美团,5429258,C08570,4.5,True
美团,5473916,C11869,4.6,True
美团,5473924,C14571,0.0,False
美团,5475521,C00298,4.4,True
美团,5551664,C00820,4.5,True
美团,5590061,C03086,0.0,True
美团,5592170,C13627,4.5,True
美团,5592178,C04132,4.6,True
美团,5713992,C03601,0.0,True
美团,5760976,C04123,4.7,True
美团,5806429,C04502,4.5,True
美团,5806434,C14905,4.4,True
美团,5806525,C02810,4.7,True
美团,5839058,C02323,4.2,True
美团,5852976,C00803,0.0,True
美团,5879886,C01073,4.8,True
美团,5947507,C09375,4.4,True
美团,5994354,C04749,4.4,True
美团,5999068,C04638,0.0,False
美团,5999105,C00775,4.7,True
美团,600826,C03003,0.0,False
美团,6120463,C04946,0.0,True
美团,613509,C02783,4.1,True
美团,613513,C02805,4.1,True
美团,613515,C03121,4.7,True
美团,613522,C02395,4.5,True
美团,613527,C03031,4.2,True
美团,613547,C13122,4.7,True
美团,613603,C03052,4.7,True
美团,6153944,C01129,4.5,True
美团,6165855,C04865,4.6,True
美团,6206541,C04067,4.4,True
美团,621661,C02739,4.5,True
美团,624600,C02892,4.4,True
美团,625072,C02943,4.6,True
美团,625074,C02813,3.6,True
美团,6276372,C12685,4.3,True
美团,6276374,C05047,4.4,True
美团,646761,C02398,4.6,True
美团,6501663,C13906,4.7,True
美团,6578006,C04763,4.8,True
美团,6578007,C03773,0.0,True
美团,6578009,C05072,0.0,False
美团,6578013,C04096,4.4,True
美团,6674953,C05336,4.7,True
美团,6716478,C04926,4.8,True
美团,6716479,C04775,0.0,True
美团,6716484,C05231,4.0,True
美团,6776345,C04683,4.3,True
美团,6776350,C05128,4.1,True
美团,6776351,C12488,4.5,True
美团,6842035,C05056,4.4,True
美团,6842037,C05312,4.4,True
美团,686359,C02231,4.5,True
美团,687708,C00560,4.5,True
美团,6903798,C00407,4.5,True
美团,6904194,C05106,4.8,True
美团,6984701,C05402,4.6,True
美团,7025893,C05461,4.4,False
美团,7080227,C02001,4.2,True
美团,7080229,C04261,4.6,True
美团,7149160,C07278,0.0,False
美团,7149163,C05483,0.0,False
美团,7149293,C03897,4.1,True
美团,7225403,C09171,4.6,True
美团,7298566,C05671,4.4,True
美团,7298570,C03962,4.6,True
美团,738835,C01957,4.4,False
美团,7466934,C03626,4.3,True
美团,7467915,C05533,4.6,True
美团,7477504,C05736,4.6,True
美团,7502754,C05798,4.6,True
美团,7502761,C05840,0.0,True
美团,7537002,C13936,0.0,True
美团,7573845,C05440,0.0,False
美团,7573852,C08571,4.5,True
美团,7690707,C06071,4.6,True
美团,7717587,C05953,0.0,True
美团,7805907,C06008,4.3,True
美团,7810474,C05555,4.5,True
美团,7814540,C06126,4.6,True
美团,7828780,C03979,4.1,True
美团,7879952,C06013,4.1,True
美团,7880796,C05237,4.5,True
美团,7964709,C06353,4.1,True
美团,7980019,C06366,0.0,False
美团,8005378,C13522,4.5,True
美团,8042314,C00058,4.4,True
美团,8073992,C06117,4.5,True
美团,8113862,C06396,4.8,True
美团,813533,C14075,4.5,True
美团,8185319,C04561,4.4,True
美团,8185320,C06352,4.4,False
美团,8238146,C06388,0.0,False
美团,8317388,C05636,0.0,True
美团,8348101,C06427,4.2,True
美团,8354708,C06558,4.0,True
美团,8358043,C06403,4.6,True
美团,8370812,C06440,0.0,False
美团,8398338,C06178,0.0,False
美团,8464439,C04131,0.0,False
美团,8471115,C06724,0.0,True
美团,8516324,C05017,3.9,True
美团,8519091,C12927,4.0,False
美团,8557118,C00009,4.6,True
美团,8563969,C06259,4.1,True
美团,8578080,C06459,4.6,True
美团,8641561,C06841,4.6,True
美团,8645938,C06760,0.0,True
美团,8667166,C06702,4.6,True
美团,866887,C02849,4.4,True
美团,8697172,C00831,4.4,True
美团,8698962,C06650,4.7,True
美团,870169,C02053,4.4,True
美团,8712402,C03630,0.0,True
美团,8719943,C10074,4.5,True
美团,8745153,C06385,4.6,True
美团,8745379,C06819,4.2,True
美团,8773520,C07095,0.0,False
美团,8825286,C06087,0.0,False
美团,8841957,C02242,4.6,True
美团,886128,C09599,4.7,True
美团,8914323,C07160,4.5,True
美团,8914692,C05138,4.7,True
美团,8976726,C06480,4.3,False
美团,8991603,C07119,4.1,True
美团,8996821,C13449,4.4,True
美团,8996822,C06734,3.9,True
美团,9009268,C06082,4.2,True
美团,909081,C02257,0.0,False
美团,9104934,C07162,4.5,True
美团,9117553,C07303,4.5,True
美团,9117554,C05446,4.6,True
美团,9147156,C00727,0.0,False
美团,917091,C03037,4.5,True
美团,9176225,C07120,4.5,True
美团,9331192,C04447,4.3,True
美团,9379351,C13939,4.7,True
美团,9382449,C07887,4.5,True
美团,9389179,C07253,0.0,True
美团,9415691,C06919,0.0,True
美团,9474804,C07165,4.5,True
美团,9511530,C05052,0.0,False
美团,9511532,C05160,4.5,True
美团,9523751,C14707,4.4,True
美团,9569452,C07312,4.9,True
美团,9571549,C06720,4.3,True
美团,9579176,C07780,0.0,False
美团,9589648,C07764,4.2,True
美团,9614039,C02567,4.8,True
美团,9614040,C07856,0.0,False
美团,9614243,C14590,4.7,True
美团,9621848,C07839,4.5,True
美团,9621849,C07334,4.5,True
美团,9621947,C07582,4.5,True
美团,9693152,C07813,4.5,True
美团,9784037,C00491,0.0,True
美团,9784039,C05227,0.0,True
美团,9784042,C00495,0.0,True
美团,9784131,C11945,4.7,True
美团,9791674,C03936,4.7,True
美团,9798874,C07222,0.0,True
美团,9832139,C07812,4.3,True
淘宝,1030672,C02625,0.0,False
淘宝,1100835718,C10109,0.0,False
淘宝,1100900633,C14680,0.0,False
淘宝,1101769600,C10177,3.9,True
淘宝,1101822076,C10058,0.0,False
淘宝,1101824846,C13225,4.8,True
淘宝,1101847094,C10088,4.1,True
淘宝,1101868518,C08718,0.0,False
淘宝,1101874963,C12422,0.0,False
淘宝,1101876950,C10182,0.0,True
淘宝,1101922295,C10249,0.0,False
淘宝,1101934872,C10243,4.8,True
淘宝,1101936985,C04752,0.0,False
淘宝,1101944125,C10092,0.0,False
淘宝,1101954814,C10169,0.0,True
淘宝,1101956659,C02276,0.0,True
淘宝,1102408976,C09545,0.0,False
淘宝,1103450430,C10988,0.0,False
淘宝,1103451550,,0.0,False
淘宝,1103510051,C10300,0.0,False
淘宝,1105294510,C07072,5.0,True
淘宝,1105398288,C08729,0.0,False
淘宝,1105412710,C10183,0.0,True
淘宝,1105413182,,0.0,False
淘宝,1105413418,C13440,0.0,False
淘宝,1106084220,C00033,5.0,True
淘宝,1108536877,C10320,0.0,True
淘宝,1108551452,C00623,0.0,False
淘宝,1108576136,C10229,4.8,True
淘宝,1108595908,C00019,0.0,False
淘宝,1108615610,C10332,5.0,True
淘宝,1108746781,C07120,4.5,True
淘宝,1109380813,C10413,0.0,True
淘宝,1109390636,C00671,0.0,True
淘宝,1109724008,C10417,0.0,False
淘宝,1110043510,C10349,0.0,False
淘宝,1110749496,C06857,0.0,False
淘宝,1110772988,C10301,4.0,True
淘宝,1112297051,C10602,0.0,False
淘宝,1112405667,C13633,0.0,False
淘宝,1112408770,C01072,4.0,True
淘宝,1112425462,C11651,0.0,False
淘宝,1112440815,C02348,0.0,False
淘宝,1112447809,C05017,0.0,True
淘宝,1112455057,C10564,0.0,False
淘宝,1116447420,C10567,4.6,True
淘宝,1116947854,C10509,0.0,False
淘宝,1116953177,C00025,0.0,True
淘宝,1116985093,C09872,0.0,False
淘宝,1118408923,C10586,0.0,False
淘宝,1118663556,C10735,0.0,False
淘宝,1118664165,C10727,0.0,True
淘宝,1119789516,C10302,0.0,False
淘宝,1119837389,C10769,0.0,False
淘宝,1123078824,C00250,4.3,True
淘宝,1123078851,C00011,0.0,True
淘宝,1123085627,C07558,0.0,False
淘宝,1123085702,C00369,4.5,True
淘宝,1123272396,C01999,4.2,True
淘宝,1123307135,C00379,0.0,False
淘宝,1123314331,C10887,5.0,True
淘宝,1123319324,C04873,0.0,False
淘宝,1123333774,C10311,0.0,False
淘宝,1123365852,C01855,0.0,True
淘宝,1123369122,C10402,0.0,False
淘宝,1123375983,C07760,4.8,True
淘宝,1123375989,C00081,4.3,True
淘宝,1123997216,C10890,0.0,False
淘宝,1125553962,C11006,0.0,True
淘宝,1125559711,C04468,0.0,False
淘宝,1126035425,C10924,0.0,False
淘宝,1126046955,C00127,5.0,True
淘宝,1126056508,C06926,0.0,True
淘宝,1126072206,C10905,0.0,False
淘宝,1126074982,C03922,5.0,True
淘宝,1126214095,C10716,0.0,False
淘宝,1126701026,C10998,4.9,True
淘宝,1126701047,C10910,0.0,True
淘宝,1127403280,C07283,0.0,False
淘宝,1127627513,C11106,5.0,True
淘宝,1127670145,C00930,4.3,True
淘宝,1127675671,C00871,0.0,True
淘宝,1127705476,C11192,0.0,False
淘宝,1127835032,C03040,0.0,False
淘宝,1127862941,C04926,4.2,True
淘宝,1127905629,C02147,0.0,False
淘宝,1128135671,C11064,5.0,True
淘宝,1128299982,C10066,5.0,True
淘宝,1128299987,C11141,0.0,True
淘宝,1128314585,C05699,0.0,False
淘宝,1128316385,C11036,0.0,False
淘宝,1129072586,C11239,0.0,False
淘宝,1131389652,C02203,4.6,True
淘宝,1131400111,C11148,0.0,False
淘宝,1132501,C01936,5.0,True
淘宝,1135223405,C11218,0.0,False
淘宝,1135324934,C11241,0.0,False
淘宝,1135327420,C11205,0.0,False
淘宝,1135334774,C11124,0.0,False
淘宝,1135343034,C11077,0.0,False
淘宝,1135439025,C11224,0.0,False
淘宝,1135866603,C11201,0.0,False
淘宝,1135884571,C10981,0.0,False
淘宝,1136501508,C10992,0.0,False
淘宝,1136871,C01125,0.0,False
淘宝,1137342918,C11251,4.1,True
淘宝,1137774801,C11271,0.0,False
淘宝,1137960618,C11128,0.0,False
淘宝,1137965609,C06760,0.0,True
淘宝,1137966984,C00808,0.0,True
淘宝,1138218018,C01868,0.0,False
淘宝,1138570535,C10897,4.4,True
淘宝,1138579834,C00803,0.0,True
淘宝,1139750054,C11315,0.0,False
淘宝,1144177298,C11187,0.0,True
淘宝,1144576141,C11134,0.0,True
淘宝,1144638011,C11471,0.0,False
淘宝,1147410009,C04897,0.0,False
淘宝,1147495423,,0.0,False
淘宝,1149026294,,0.0,False
淘宝,1149095381,C11378,0.0,False
淘宝,1149116007,C11333,0.0,False
淘宝,1149145721,C13632,3.7,True
淘宝,1149286237,C08204,0.0,True
淘宝,1149374849,C10356,4.9,True
淘宝,1151000510,C11413,3.8,True
淘宝,1151041934,C11550,0.0,False
淘宝,1151156462,C11506,0.0,False
淘宝,1151223641,,0.0,False
淘宝,1151251936,C11546,0.0,False
淘宝,1151327107,C11507,0.0,False
淘宝,1152378,C01152,0.0,True
淘宝,1155275185,C04675,0.0,False
淘宝,1155319377,C11321,0.0,False
淘宝,1155340695,C11581,4.7,True
淘宝,1155350778,,0.0,False
淘宝,1155388834,C11605,0.0,False
淘宝,1155440070,C11429,0.0,False
淘宝,1155440589,C11448,0.0,False
淘宝,1155455096,C11419,0.0,False
淘宝,1155459638,C11611,0.0,False
淘宝,1155479610,C12508,0.0,False
淘宝,1155555203,C11510,0.0,False
淘宝,1157589177,C11840,0.0,False
淘宝,1157615331,C11663,0.0,False
淘宝,1157696264,C03299,0.0,True
淘宝,1157739903,C11555,0.0,False
淘宝,1157755602,C11745,0.0,True
淘宝,1157770507,C05513,0.0,False
淘宝,1157805849,C01216,4.6,True
淘宝,1157816150,C11775,0.0,False
淘宝,1157832865,C11781,0.0,False
淘宝,1157846402,C11808,0.0,False
淘宝,1157865060,C11616,0.0,False
淘宝,1157897151,C00405,5.0,True
淘宝,1157916998,C09228,0.0,False
淘宝,1161517348,C11578,0.0,False
淘宝,1161701071,C11771,4.1,True
淘宝,1161717591,C11597,0.0,False
淘宝,1161737946,C11810,5.0,True
淘宝,1161746337,C11259,0.0,False
淘宝,1161787984,C11715,0.0,False
淘宝,1161815920,C11762,4.7,True
淘宝,1161822180,,0.0,False
淘宝,1161872084,C04246,4.2,True
淘宝,1161906134,C07507,0.0,False
淘宝,1163813638,C12029,5.0,True
淘宝,1163843332,C12050,0.0,False
淘宝,1163850130,C11792,5.0,True
淘宝,1163872508,C11195,0.0,False
淘宝,1163916265,C11829,0.0,False
淘宝,1163927400,C11957,0.0,False
淘宝,1163937070,C11826,0.0,False
淘宝,1163948298,C11960,0.0,False
淘宝,1163974636,C11932,4.9,True
淘宝,1163976025,C11820,0.0,False
淘宝,1163978189,C11572,0.0,False
淘宝,1163982488,C12039,0.0,True
淘宝,1164009456,C11773,0.0,False
淘宝,1164012198,C12035,0.0,False
淘宝,1164013694,C12068,0.0,False
淘宝,1164013698,C11845,0.0,False
淘宝,1166565500,C11900,0.0,False
淘宝,1166569888,C11560,5.0,True
淘宝,1166619867,C12203,0.0,False
淘宝,1166779948,C11988,0.0,False
淘宝,1167671,C00726,5.0,True
淘宝,1168481631,C12146,0.0,False
淘宝,1168484921,C12048,0.0,False
淘宝,1168495023,C07994,0.0,False
淘宝,1168520024,C12013,0.0,False
淘宝,1168578865,C12257,0.0,True
淘宝,1168578892,C12057,3.8,True
淘宝,1168673507,C12018,0.0,False
淘宝,1168704493,C11323,0.0,False
淘宝,1168779672,C12208,0.0,False
淘宝,1170801521,C12262,0.0,False
淘宝,1170812732,C12041,0.0,False
淘宝,1170850340,C12085,0.0,True
淘宝,1170897394,C12210,0.0,True
淘宝,1170940322,C12133,3.9,True
淘宝,1170940330,C12045,3.5,True
淘宝,1170977748,C12012,0.0,False
淘宝,1171050174,C04496,0.0,False
淘宝,1171056721,C12150,0.0,False
淘宝,1171063047,C12072,0.0,False
淘宝,1172375767,C10646,0.0,True
淘宝,1172414749,C12251,0.0,True
淘宝,1172464131,C12387,0.0,True
淘宝,1172549612,C12268,0.0,False
淘宝,1172558485,C13991,0.0,False
淘宝,1172589974,C12193,0.0,False
淘宝,1172608768,C12206,0.0,False
淘宝,1172616005,C14851,4.9,True
淘宝,1172814505,C12215,0.0,True
淘宝,1174008076,C11761,0.0,True
淘宝,1174746755,C12355,0.0,False
淘宝,1174761406,C02216,0.0,True
淘宝,1174769688,C12436,0.0,False
淘宝,1174877075,C12279,4.0,True
淘宝,1174926883,C12140,0.0,False
淘宝,1175044573,C12400,0.0,False
淘宝,1176216681,C13543,5.0,True
淘宝,1176331,C01083,0.0,False
淘宝,1177229716,,0.0,False
淘宝,1177984173,C12586,0.0,False
淘宝,1177997352,C12412,0.0,False
淘宝,1178168442,C11770,5.0,True
淘宝,1178174506,C12446,0.0,False
淘宝,1178219264,C12283,0.0,False
淘宝,1178273186,C12575,4.4,True
淘宝,1178303886,C12548,0.0,False
淘宝,1178307326,C00346,0.0,False
淘宝,1178379695,C11537,0.0,False
淘宝,1178387293,C01128,0.0,True
淘宝,1178398728,C12560,0.0,False
淘宝,1180767093,C12479,5.0,True
淘宝,1180892869,C12659,0.0,False
淘宝,1180994991,C10628,4.4,True
淘宝,1183390779,C12613,0.0,True
淘宝,1183469526,C12592,0.0,False
淘宝,1184672367,C12702,0.0,False
淘宝,1184698436,C12595,4.7,True
淘宝,1187611401,C12341,0.0,False
淘宝,1187652444,C11739,0.0,True
淘宝,1188009518,C12677,0.0,False
淘宝,1188224529,C12745,0.0,False
淘宝,1189831381,C12906,0.0,False
淘宝,1189835049,C13021,0.0,False
淘宝,1190155200,C09566,0.0,False
淘宝,1193349681,C12898,5.0,True
淘宝,1194720521,,0.0,True
淘宝,1197729228,C11397,0.0,False
淘宝,1197865840,C12376,0.0,False
淘宝,1197895657,C13189,0.0,False
淘宝,1197944692,C11135,0.0,False
淘宝,1197981795,,0.0,False
淘宝,1197982150,C13272,0.0,False
淘宝,1197984823,C04225,0.0,True
淘宝,1198029929,C13220,0.0,False
淘宝,1198085195,C13179,4.5,True
淘宝,1199244043,C13170,0.0,False
淘宝,1200296204,C02665,4.6,True
淘宝,1203604786,C13247,4.5,True
淘宝,1204199722,C13066,0.0,False
淘宝,1208200141,C13295,0.0,False
淘宝,1208800714,C13409,0.0,False
淘宝,1210339756,C13207,0.0,False
淘宝,1211465915,C13486,0.0,False
淘宝,1211504502,C13359,0.0,False
淘宝,1220481,C02712,0.0,True
淘宝,1234745493,C13647,0.0,False
淘宝,1237250325,C13635,0.0,False
淘宝,1239701517,C13673,5.0,True
淘宝,1245672578,C13770,0.0,False
淘宝,1248354934,C13516,0.0,True
淘宝,1249301752,C13926,0.0,False
淘宝,1249317261,C13786,0.0,True
淘宝,1250336854,C13863,0.0,False
淘宝,1250429507,C09208,0.0,True
淘宝,1253765316,C13955,0.0,False
淘宝,1253901646,C13912,0.0,True
淘宝,1264788585,C14083,0.0,False
淘宝,1267095406,C13312,0.0,False
淘宝,1270385568,C14250,4.8,True
淘宝,1271458498,C12067,0.0,False
淘宝,1273560407,C14298,4.6,True
淘宝,1274135049,C14264,0.0,True
淘宝,1282158196,C14318,4.6,True
淘宝,1284593374,C14302,0.0,False
淘宝,1287926537,C14390,4.3,True
淘宝,1289310670,C14446,0.0,False
淘宝,1289396847,C14349,5.0,True
淘宝,1289429538,C14368,0.0,True
淘宝,1290177331,C14452,3.0,True
淘宝,1290735947,C14464,0.0,False
淘宝,1293649504,C14485,0.0,True
淘宝,1296607118,C08146,0.0,False
淘宝,1297799885,C14453,0.0,False
淘宝,1298121351,C14612,0.0,True
淘宝,1302105496,C05780,5.0,True
淘宝,1302704661,C14588,0.0,False
淘宝,1304929196,C14640,0.0,False
淘宝,1308520,C02997,0.0,False
淘宝,1310752,C02828,0.0,False
淘宝,1312766599,C14742,0.0,False
淘宝,1316209506,C00525,0.0,True
淘宝,1316324508,C13392,4.0,True
淘宝,1316330100,C14829,0.0,True
淘宝,1327932407,C15010,0.0,True
淘宝,1328120083,,0.0,False
淘宝,1335740250,C09551,4.2,True
淘宝,1337825108,C15015,4.1,True
淘宝,1338961689,C15002,4.8,True
淘宝,1347232906,C15100,4.9,True
淘宝,1348179882,C00480,0.0,True
淘宝,1348179985,C00148,5.0,True
淘宝,1379873,C02478,0.0,False
淘宝,1379876,C02872,5.0,True
淘宝,1379890,C02583,3.3,True
淘宝,1379898,C02253,0.0,True
淘宝,1379912,C03121,4.9,True
淘宝,1379939,C02210,4.5,True
淘宝,1398972,C02785,0.0,False
淘宝,1407081,,0.0,False
淘宝,1409202,C02288,4.2,True
淘宝,141740753,C09521,0.0,False
淘宝,143285409,C02066,0.0,False
淘宝,143754762,C02923,4.2,True
淘宝,1440523,C02555,4.4,True
淘宝,1442618,C01049,0.0,False
淘宝,144337846,C02335,0.0,False
淘宝,144488830,C02017,4.8,True
淘宝,144493301,C01173,4.6,True
淘宝,144621511,C00267,0.0,True
淘宝,144631778,C02299,4.7,True
淘宝,1447378,C00182,3.5,True
淘宝,1447384,C00136,0.0,False
淘宝,1447393,C00321,3.8,True
淘宝,1447398,C00170,4.8,True
淘宝,1447399,C00292,5.0,True
淘宝,1447400,C00211,4.0,True
淘宝,1447404,C00288,5.0,True
淘宝,1447418,C00312,2.8,True
淘宝,1447420,C00350,4.9,True
淘宝,1447427,C00227,3.7,True
淘宝,1447432,C00171,0.0,False
淘宝,144909683,C00230,5.0,True
淘宝,144960214,C02309,0.0,False
淘宝,145107969,C02117,0.0,False
淘宝,145565976,C13628,0.0,False
淘宝,1455706,C01095,4.2,True
淘宝,145999434,C02192,4.8,True
淘宝,150058064,C02122,0.0,False
淘宝,150853014,C01373,0.0,True
淘宝,150882725,C02542,0.0,False
淘宝,151004419,C02289,0.0,False
淘宝,151638453,C03083,0.0,False
淘宝,151638946,C02333,0.0,False
淘宝,151687196,C02386,4.8,True
淘宝,152147694,C03006,0.0,True
淘宝,152167951,C02433,0.0,False
淘宝,152215299,C02349,0.0,False
淘宝,152309048,C10403,0.0,False
淘宝,152823992,C00222,4.5,True
淘宝,1532208,C02805,4.6,True
淘宝,153889920,C01122,5.0,True
淘宝,154890437,C02978,0.0,False
淘宝,154906138,C02137,4.5,True
淘宝,155121019,C01413,5.0,True
淘宝,1552394,C02087,5.0,True
淘宝,1552403,C02395,3.2,True
淘宝,155336799,C03031,0.0,True
淘宝,155551787,C02813,4.3,True
淘宝,155679615,C02943,0.0,True
淘宝,155849148,C12566,5.0,True
淘宝,155902355,C00703,3.9,True
淘宝,156061138,C01301,4.9,True
淘宝,156129798,C02437,0.0,False
淘宝,156203734,C02195,0.0,False
淘宝,156231439,C02769,0.0,False
淘宝,156257519,C03001,0.0,False
淘宝,156822659,C02938,0.0,False
淘宝,156896891,C02342,0.0,False
淘宝,156949146,C01078,4.1,True
淘宝,157024081,C05331,0.0,False
淘宝,157081739,C12696,4.0,True
淘宝,157137947,C02456,0.0,True
淘宝,157139409,C03007,0.0,False
淘宝,157186551,C01032,0.0,False
淘宝,157407063,C07470,5.0,True
淘宝,157415878,C00385,0.0,True
淘宝,157532463,C02668,5.0,True
淘宝,157638908,C02961,0.0,False
淘宝,157699205,C03099,4.9,True
淘宝,157715649,C01121,4.1,True
淘宝,157797941,C03036,0.0,False
淘宝,157817255,C02807,4.3,True
淘宝,158798691,C00401,4.8,True
淘宝,158960376,C01972,5.0,True
淘宝,159257403,C02322,0.0,False
淘宝,159737397,C01212,0.0,False
淘宝,160269559,C15041,4.4,True
淘宝,161078688,C00841,0.0,False
淘宝,161249786,C02245,0.0,False
淘宝,161252099,C02996,0.0,False
淘宝,161264979,C02057,0.0,False
淘宝,161279764,C02043,0.0,True
淘宝,161280803,C05591,0.0,False
淘宝,161292787,C00516,0.0,True
淘宝,161314089,,0.0,False
淘宝,161408983,C07025,0.0,False
淘宝,161622283,C00846,0.0,True
淘宝,161623448,C00478,0.0,True
淘宝,161623473,C00189,3.3,True
淘宝,161623475,C02218,0.0,False
淘宝,161647570,C00173,4.8,True
淘宝,161705007,C05536,0.0,False
淘宝,161705010,C02498,3.8,True
淘宝,161752403,C03363,0.0,False
淘宝,161775691,C02858,0.0,False
淘宝,161779861,C00241,4.0,True
淘宝,161779862,C00412,5.0,True
淘宝,161779863,C00007,5.0,True
淘宝,161792169,,0.0,False
淘宝,161816936,C00125,5.0,True
淘宝,161851621,C03188,0.0,True
淘宝,161858452,C02941,0.0,False
淘宝,161867843,C02479,0.0,False
淘宝,161867926,C03126,0.0,False
淘宝,161872787,C03610,0.0,False
淘宝,161891393,C09903,0.0,False
淘宝,161891404,C02397,0.0,False
淘宝,161891411,C03057,0.0,False
淘宝,161891417,C02233,0.0,False
淘宝,162212298,C08570,5.0,True
淘宝,162646958,C03407,0.0,False
淘宝,162646961,C03791,0.0,False
淘宝,162646975,C03843,0.0,False
淘宝,162646976,C03818,0.0,False
淘宝,162850829,C02688,0.0,False
淘宝,162850835,C03463,4.8,True
淘宝,162850842,C00046,4.2,True
淘宝,162850851,C09599,0.0,True
淘宝,162850853,C10127,0.0,False
淘宝,162850855,C02236,5.0,True
淘宝,162850856,C03726,0.0,False
淘宝,162957314,C04051,0.0,False
淘宝,162957316,C13239,0.0,False
淘宝,162997569,C02003,4.0,True
淘宝,163032369,C04062,0.0,False
淘宝,163032370,C04077,0.0,False
淘宝,163078612,C04169,0.0,True
淘宝,163078615,C02120,5.0,True
淘宝,163078617,C03978,5.0,True
淘宝,163220130,C03947,0.0,True
淘宝,163220132,C04101,0.0,False
淘宝,163220140,C14999,0.0,False
淘宝,163772046,C03761,5.0,True
淘宝,164054375,C04133,0.0,False
淘宝,164159914,C00732,4.0,True
淘宝,164160240,C11274,0.0,False
淘宝,164160241,C02826,0.0,True
淘宝,164160245,C04390,5.0,True
淘宝,164160248,C04045,0.0,False
淘宝,164171748,C04111,4.3,True
淘宝,164172078,C04110,0.0,True
淘宝,164594659,C02380,0.0,False
淘宝,164758715,C04379,0.0,False
淘宝,164758720,C03765,5.0,True
淘宝,164758725,C09622,0.0,False
淘宝,164767753,C04203,4.9,True
淘宝,164767754,C04367,0.0,False
淘宝,166218290,C01851,0.0,False
淘宝,166347954,C04328,0.0,False
淘宝,166862349,C03897,4.6,True
淘宝,166878222,C13627,5.0,True
淘宝,166878229,C03821,0.0,False
淘宝,166878234,C04345,0.0,False
淘宝,166878253,C04132,5.0,True
淘宝,166991251,C02810,4.3,True
淘宝,166991254,C04123,4.6,True
淘宝,166991264,C14905,4.8,True
淘宝,167236942,C04502,2.0,True
淘宝,167236944,C04000,0.0,False
淘宝,167447744,C02007,4.9,True
淘宝,167535057,C06017,3.7,True
淘宝,167541410,C04519,0.0,False
淘宝,167691366,C04450,5.0,True
淘宝,167691384,C01088,4.7,True
淘宝,167691391,C09375,5.0,True
淘宝,167705868,C04740,0.0,False
淘宝,168034780,C04638,0.0,False
淘宝,168034790,C03173,5.0,True
淘宝,168036482,C05059,0.0,False
淘宝,168463116,C00996,0.0,False
淘宝,169775532,,0.0,False
淘宝,170363346,C01055,0.0,True
淘宝,170672528,C03773,3.6,True
淘宝,170909943,C05308,0.0,False
淘宝,171030267,C05357,0.0,False
淘宝,171046818,C05155,0.0,False
淘宝,171046820,C05072,0.0,False
淘宝,171048004,C04633,0.0,False
淘宝,171123829,C07217,0.0,True
淘宝,171174246,C05302,0.0,False
淘宝,171181468,C02249,0.0,False
淘宝,171181474,C03636,0.0,False
淘宝,171181477,C02551,0.0,False
淘宝,171181485,C02075,0.0,False
淘宝,171350537,C01248,4.8,True
淘宝,171356070,C14651,0.0,True
淘宝,171404274,C05402,5.0,True
淘宝,171404301,C05016,0.0,False
淘宝,171404332,C05387,0.0,False
淘宝,171477643,C05953,0.0,True
淘宝,172233235,C12685,0.0,True
淘宝,172424513,C02843,0.0,False
淘宝,172782761,C05237,5.0,True
淘宝,172985252,C05047,4.7,True
淘宝,172985253,C07075,0.0,False
淘宝,172985256,C05569,0.0,True
淘宝,173007910,C13936,4.9,True
淘宝,173066420,C01139,5.0,True
淘宝,173147479,C05843,0.0,False
淘宝,173437982,C01100,0.0,False
淘宝,173584365,C04131,0.0,False
淘宝,174059262,C01403,0.0,True
淘宝,174073622,C05403,0.0,False
淘宝,174073629,C05483,0.0,False
淘宝,174073642,C02328,0.0,False
淘宝,174073653,C02049,4.4,True
淘宝,174074075,C05457,0.0,False
淘宝,174357098,C00298,4.7,True
淘宝,1779081,C02683,4.3,True
淘宝,1795721,C00696,4.7,True
淘宝,1795726,C00986,0.0,True
淘宝,1795737,C00927,4.3,True
淘宝,1799246,C02936,0.0,False
淘宝,1807404,C03063,0.0,False
淘宝,1810051,C03032,0.0,False
淘宝,1848551,C02829,0.0,False
淘宝,1925002,C00712,4.4,True
淘宝,1925021,C00786,0.0,False
淘宝,1925039,C01190,0.0,True
淘宝,1925044,C01167,4.7,True
淘宝,1925046,C01162,0.0,False
淘宝,1933800,C02521,0.0,False
淘宝,1933801,C02082,4.3,True
淘宝,1992131,C01306,0.0,False
淘宝,2000518292,C05555,0.0,True
淘宝,2001035443,C04258,0.0,False
淘宝,2001250467,C02535,0.0,True
淘宝,2001264255,C06423,4.7,True
淘宝,2001509509,C05191,0.0,False
淘宝,2001514807,C05231,0.0,True
淘宝,2019299,C02232,0.0,False
淘宝,2019431294,C06071,0.0,True
淘宝,2032043884,C05989,0.0,False
淘宝,2032056684,C06443,0.0,False
淘宝,2032095380,C06357,0.0,False
淘宝,2032443352,C07065,0.0,False
淘宝,2032453170,C12927,0.0,False
淘宝,2032761591,C03579,0.0,False
淘宝,2032770024,C06388,0.0,False
淘宝,2034992986,C10074,0.0,True
淘宝,2035106780,C05169,0.0,False
淘宝,2035612038,C04067,4.7,True
淘宝,2036825448,C06642,0.0,False
淘宝,2036835440,C13522,0.0,True
淘宝,2041087780,C07433,0.0,False
淘宝,2042443401,C07422,0.0,False
淘宝,2042490156,C07581,0.0,True
淘宝,2042521240,C07636,0.0,False
淘宝,2042528832,C08984,0.0,False
淘宝,2042532851,C07524,0.0,False
淘宝,2042576251,C07382,0.0,False
淘宝,2042668408,C06363,0.0,False
淘宝,2042668636,C06563,0.0,False
淘宝,2042671448,C06972,0.0,True
淘宝,2042696377,C02458,0.0,False
淘宝,2042862083,C07642,5.0,True
淘宝,2042864264,C01073,4.8,True
淘宝,2042976848,C02187,0.0,False
淘宝,2043061269,C10175,0.0,False
淘宝,2043128914,C02892,4.8,True
淘宝,2043145728,C03967,4.6,True
淘宝,2043157954,C02567,4.6,True
淘宝,2043173179,C02889,0.0,True
淘宝,2043173192,C02919,4.8,True
淘宝,2043179148,C07303,4.8,True
淘宝,2043180257,C03467,0.0,False
淘宝,2043368344,C02229,3.3,True
淘宝,2043385267,C07737,4.8,True
淘宝,2043482892,C02477,0.0,True
淘宝,2043492910,C05256,0.0,False
淘宝,2043493243,C07312,4.7,True
淘宝,2043503589,C06480,4.1,False
淘宝,2043592613,C03132,0.0,True
淘宝,2043605035,C07790,5.0,True
淘宝,2043890415,C02242,4.8,True
淘宝,2043930957,C07665,0.0,False
淘宝,2043960767,C07235,0.0,False
淘宝,2043961010,C02247,3.6,True
淘宝,2044115759,C07621,0.0,False
淘宝,2044355483,C13939,0.0,True
淘宝,2044433093,C01849,0.0,True
淘宝,2045886987,C11487,0.0,False
淘宝,2046513492,C00402,4.1,True
淘宝,2046860528,C07775,0.0,False
淘宝,2048869070,C07605,3.9,True
淘宝,2054343378,C07592,0.0,False
淘宝,2055227557,,0.0,False
淘宝,2057069234,C04887,0.0,False
淘宝,2057156028,C11869,5.0,True
淘宝,2059022278,C07812,5.0,True
淘宝,2059060881,C07662,0.0,False
淘宝,2059152418,C07402,0.0,False
淘宝,2059163792,C08100,5.0,True
淘宝,2059163808,C08142,0.0,False
淘宝,2061159373,C00461,0.0,True
淘宝,2062082165,C13068,4.4,True
淘宝,2062142854,C05068,5.0,True
淘宝,2062319644,C08242,0.0,False
淘宝,2062332792,C04378,0.0,False
淘宝,2066641102,C00455,4.2,True
淘宝,2066883640,C05138,4.7,True
淘宝,2066971244,C13262,0.0,False
淘宝,2069300319,C01842,5.0,True
淘宝,2069616372,C08332,0.0,False
淘宝,2073237998,C08311,5.0,True
淘宝,2073253142,C05736,4.6,True
淘宝,2073354036,C10395,0.0,False
淘宝,2074628171,C06259,4.4,True
淘宝,2074922859,C00398,0.0,True
淘宝,2075438292,C10283,0.0,True
淘宝,2075812230,C00008,4.8,True
淘宝,2076296987,C08730,0.0,False
淘宝,2076983289,C08571,5.0,True
淘宝,2077292205,C13449,0.0,True
淘宝,2078232752,C02916,4.5,True
淘宝,2079483603,C07696,0.0,False
淘宝,2080471001,C08374,4.4,True
淘宝,2081680213,C00503,0.0,True
淘宝,2082640605,C08711,0.0,False
淘宝,2083849749,C07129,0.0,True
淘宝,2084305395,C00692,0.0,False
淘宝,2084478113,C08452,0.0,False
淘宝,2084894407,C08350,0.0,True
淘宝,2086360283,C09104,5.0,True
淘宝,2087420542,C10980,0.0,False
淘宝,2089246273,C05121,0.0,False
淘宝,2089556403,C00021,4.5,True
淘宝,2089607629,C02370,0.0,False
淘宝,2090407233,C12240,0.0,True
淘宝,2092840802,C07390,0.0,False
淘宝,2096037177,C05423,0.0,False
淘宝,2096040131,C08881,4.5,True
淘宝,2096047929,C14873,0.0,False
淘宝,2096056756,C08948,4.6,True
淘宝,2096527305,C09146,0.0,True
淘宝,2096653992,C11721,0.0,False
淘宝,2096672913,C09010,5.0,True
淘宝,2097211060,C00707,4.9,True
淘宝,2097349788,C09193,5.0,True
淘宝,2097485793,C09214,0.0,False
淘宝,2098022809,C00512,0.0,True
淘宝,2098242700,C09291,0.0,False
淘宝,2098522905,C08955,4.8,True
淘宝,2098579272,C07519,0.0,False
淘宝,2098787345,C09342,5.0,True
淘宝,2098826484,C13951,0.0,False
淘宝,2098903976,C07666,0.0,True
淘宝,2098927671,C02252,5.0,True
淘宝,2098974167,C02303,0.0,True
淘宝,2099086302,C04731,0.0,False
淘宝,2099118402,C00901,0.0,True
淘宝,2099254210,C09431,4.6,True
淘宝,2099367123,C09409,0.0,False
淘宝,2099372127,C09001,0.0,False
淘宝,2099448463,C00710,0.0,False
淘宝,2110699569,C05477,0.0,True
淘宝,2112524189,C09585,0.0,False
淘宝,2120632945,C00305,0.0,False
淘宝,2120639455,C09595,0.0,False
淘宝,2121230653,C06819,0.0,False
淘宝,2121230668,C09203,0.0,False
淘宝,2121276994,C08122,4.3,True
淘宝,2122331425,C09404,3.9,True
淘宝,2123954138,C04976,0.0,False
淘宝,2123965297,C09238,0.0,False
淘宝,2124220672,C07493,4.9,True
淘宝,2124231930,C03951,5.0,True
淘宝,2124337589,C09413,0.0,False
淘宝,2124794991,C12936,0.0,False
淘宝,2124801817,C09477,0.0,False
淘宝,2126508994,C09704,4.2,True
淘宝,2128127329,C12682,0.0,False
淘宝,2128341988,C02012,0.0,False
淘宝,2128548514,C09837,0.0,False
淘宝,2130837994,C00952,4.6,True
淘宝,2131647362,C11441,4.3,True
淘宝,2132126604,C09811,0.0,False
淘宝,2132147391,C09764,4.3,True
淘宝,2132895112,C02135,4.8,True
淘宝,2132958348,C09673,4.3,True
淘宝,2133684950,C09919,0.0,True
淘宝,2135150423,C09938,0.0,False
淘宝,2135150427,C03106,4.7,True
淘宝,2136910435,C09099,0.0,True
淘宝,2137028420,C13371,5.0,True
淘宝,2139523061,C14572,4.5,True
淘宝,2139545343,C13582,4.8,True
淘宝,2238401,C00330,5.0,True
淘宝,2278273,C02038,5.0,True
淘宝,2287448,C03052,0.0,True
淘宝,2327581,C02139,4.8,True
淘宝,234832,C02661,0.0,False
淘宝,249508,C02837,5.0,True
淘宝,286002,C02183,5.0,True
淘宝,300023691,C06062,0.0,False
淘宝,300042062,C14088,0.0,False
淘宝,300062048,C05959,0.0,False
淘宝,300086874,C05955,0.0,False
淘宝,300113636,C05410,0.0,False
淘宝,300118670,C03962,3.7,True
淘宝,300152040,C05087,0.0,False
淘宝,300152044,C05713,0.0,False
淘宝,300162080,C05461,0.0,False
淘宝,300517667,C05798,5.0,True
淘宝,300537822,C06008,0.0,True
淘宝,300663246,C12211,0.0,False
淘宝,300676557,C06012,0.0,False
淘宝,300716291,C06126,5.0,True
淘宝,300752880,C06257,0.0,False
淘宝,300801247,C06440,0.0,False
淘宝,301122650,C12292,0.0,False
淘宝,301689519,C00126,4.8,True
淘宝,301690045,C00999,0.0,False
淘宝,301740568,C01081,0.0,True
淘宝,301747488,C04683,4.6,True
淘宝,302309432,C05552,0.0,False
淘宝,302446590,C05160,5.0,True
淘宝,303660517,C03607,4.6,True
淘宝,303675893,C00407,4.8,True
淘宝,304831897,C06403,5.0,True
淘宝,304891615,C06013,5.0,True
淘宝,304901119,C06342,0.0,True
淘宝,304915837,C06366,0.0,False
淘宝,304955769,C06117,4.0,True
淘宝,304955773,C06396,0.0,True
淘宝,305119532,C06558,4.4,True
淘宝,305144990,C01066,4.0,True
淘宝,305148443,C06660,0.0,False
淘宝,305176296,C05533,0.0,True
淘宝,305193997,C04775,0.0,False
淘宝,305198405,C11945,4.6,True
淘宝,305223046,C03193,0.0,False
淘宝,305230464,C14633,0.0,True
淘宝,310145960,C00177,0.0,True
淘宝,311272450,C07151,0.0,False
淘宝,312218838,C06228,0.0,True
淘宝,313401815,C05056,5.0,True
淘宝,313597159,C00828,4.9,True
淘宝,322277716,C06427,3.7,True
淘宝,322318671,C06581,0.0,False
淘宝,323870272,C06720,5.0,True
淘宝,323966624,C03234,5.0,True
淘宝,335625596,C06707,0.0,False
淘宝,335763220,C00495,0.0,True
淘宝,335771096,C05268,0.0,False
淘宝,335784708,C06352,0.0,False
淘宝,336218040,C06724,5.0,True
淘宝,336235697,C06906,0.0,False
淘宝,336235990,C06346,0.0,False
淘宝,336568420,C00009,0.0,True
淘宝,336591217,C00023,5.0,True
淘宝,336667479,C00925,0.0,False
淘宝,336685265,C09039,4.7,True
淘宝,336709638,C00013,5.0,True
淘宝,336727643,C06476,0.0,False
淘宝,336737561,C06160,0.0,False
淘宝,336747488,C04455,0.0,False
淘宝,336749317,C03943,5.0,True
淘宝,336757352,C05990,0.0,False
淘宝,336814290,C04561,0.0,True
淘宝,336814291,C05368,0.0,False
淘宝,336814293,C05831,0.0,False
淘宝,336822700,C09658,0.0,False
淘宝,336824342,C02835,0.0,False
淘宝,336854090,C10462,0.0,True
淘宝,336862981,C00909,0.0,False
淘宝,336873858,C13585,0.0,False
淘宝,336957115,C05523,0.0,False
淘宝,337006587,C02162,0.0,True
淘宝,337043130,C07176,0.0,False
淘宝,337054449,C02882,5.0,True
淘宝,337552827,C07347,0.0,False
淘宝,337622853,C06087,0.0,False
淘宝,337642451,C06841,0.0,True
淘宝,337652410,C00746,0.0,True
淘宝,337653618,C05227,0.0,True
淘宝,337672395,C07160,4.8,True
淘宝,337692205,C06413,0.0,False
淘宝,337692209,C07095,0.0,False
淘宝,353312,C02053,5.0,True
淘宝,361331,C13117,4.8,True
淘宝,367023,C02266,0.0,True
淘宝,369838,C02739,4.8,True
淘宝,376063,C02448,5.0,True
淘宝,406501,C02898,0.0,False
淘宝,410317,C14627,0.0,True
淘宝,419014,C02933,0.0,True
淘宝,427055,C02180,0.0,False
淘宝,440222,C02256,4.0,True
淘宝,452572,C02513,4.9,True
淘宝,482573,,0.0,False
淘宝,500590936,C07887,4.6,True
淘宝,500652596,C14707,0.0,True
淘宝,500652989,C07119,5.0,True
淘宝,500658209,C06085,0.0,False
淘宝,500677511,C12033,4.5,True
淘宝,500682408,C03086,4.9,True
淘宝,500701711,C06082,0.0,True
淘宝,500702688,C00560,0.0,True
淘宝,500705227,C06969,0.0,False
淘宝,500706686,C07398,0.0,False
淘宝,500707980,C03735,0.0,False
淘宝,500712228,C02781,0.0,False
淘宝,500727547,C10583,4.4,True
淘宝,500732610,C00162,4.6,True
淘宝,500733001,C11226,0.0,False
淘宝,500793445,C07441,0.0,False
淘宝,500795296,C07780,0.0,False
淘宝,500802932,C00716,4.4,True
淘宝,500806909,C07570,0.0,False
淘宝,500808329,C07901,4.6,True
淘宝,500812512,C03020,0.0,True
淘宝,500813267,C07571,0.0,False
淘宝,500815298,,0.0,False
淘宝,500817376,C07285,0.0,False
淘宝,500817612,C07912,0.0,False
淘宝,500822270,C00258,4.7,True
淘宝,500823869,C01399,0.0,True
淘宝,500824234,C07282,0.0,False
淘宝,500825106,C02647,5.0,True
淘宝,500825692,C02925,4.5,True
淘宝,500827225,C07839,0.0,True
淘宝,500827723,C03601,0.0,False
淘宝,500829387,C04965,3.4,True
淘宝,500835184,C01099,0.0,True
淘宝,500845510,C00819,0.0,False
淘宝,500885192,C03619,0.0,False
淘宝,500900269,C01957,0.0,False
淘宝,500910056,C04070,5.0,True
淘宝,500915066,C06702,0.0,True
淘宝,500915237,C05312,0.0,True
淘宝,500915239,C05336,4.8,True
淘宝,500925300,C11662,2.8,True
淘宝,500930073,C05446,2.8,True
淘宝,500943648,C13906,4.2,True
淘宝,500947272,C07973,0.0,False
淘宝,500950020,C07162,4.7,True
淘宝,500950286,C03936,4.6,True
淘宝,500953563,C10770,0.0,False
淘宝,500953606,C02323,4.5,True
淘宝,500953618,C02231,5.0,True
淘宝,500957418,C06713,0.0,False
淘宝,500957419,C07222,0.0,True
淘宝,500957754,C06964,0.0,False
淘宝,500958868,C12361,5.0,True
淘宝,500977361,C07582,4.9,True
淘宝,500977374,C03612,5.0,True
淘宝,500978052,C02629,4.8,True
淘宝,500983010,C07856,0.0,False
淘宝,500988752,C07656,0.0,False
淘宝,501050741,C07960,0.0,True
淘宝,501080580,C01986,5.0,True
淘宝,501085640,C05506,0.0,False
淘宝,501100032,C00727,0.0,False
淘宝,501100287,C01900,0.0,False
淘宝,501101291,C07606,5.0,True
淘宝,501109936,C08088,0.0,True
淘宝,501110805,C07764,5.0,True
淘宝,501120468,C12488,2.8,True
淘宝,501131533,C14590,4.3,True
淘宝,501136594,C08045,0.0,True
淘宝,501141464,C06179,0.0,False
淘宝,501141822,C07736,0.0,False
淘宝,501145506,C05908,0.0,True
淘宝,501146452,C03037,4.6,True
淘宝,501156711,C07278,0.0,False
淘宝,501161245,C08076,0.0,True
淘宝,501162458,C08160,0.0,False
淘宝,501166661,C09364,0.0,False
淘宝,501166680,C07227,0.0,False
淘宝,501170079,C07788,0.0,False
淘宝,501176513,C05785,0.0,False
淘宝,501273105,,0.0,False
淘宝,501279834,C07647,0.0,False
淘宝,501292199,C08198,4.5,True
淘宝,501296102,C08185,0.0,False
淘宝,501305942,C08604,0.0,False
淘宝,501314556,C10499,4.3,True
淘宝,501319008,C05080,0.0,False
淘宝,501325745,C07663,0.0,False
淘宝,501393522,C07397,0.0,False
淘宝,501400668,C05107,0.0,False
淘宝,501405914,C07661,4.9,True
淘宝,501410054,C07879,0.0,False
淘宝,501410386,C04664,0.0,False
淘宝,501436391,C02163,0.0,False
淘宝,501460858,C02617,4.9,True
淘宝,501479297,C08437,0.0,False
淘宝,501560392,C04261,4.8,True
淘宝,501641101,C07157,0.0,True
淘宝,501658743,C08423,0.0,True
淘宝,501671413,C04801,0.0,False
淘宝,501697562,C08480,0.0,False
淘宝,501705580,C07841,0.0,False
淘宝,501730931,C04749,0.0,True
淘宝,501760638,C07622,0.0,False
淘宝,501858620,C08340,5.0,True
淘宝,501861635,C05450,0.0,False
淘宝,501873345,C05482,0.0,True
淘宝,501878978,C05128,0.0,True
淘宝,501882504,C06998,0.0,False
淘宝,501886999,C03569,0.0,False
淘宝,501891288,C01091,0.0,True
淘宝,501898078,C04120,4.5,True
淘宝,501901698,C02046,4.5,True
淘宝,501901703,C08553,0.0,True
淘宝,502014088,C06178,0.0,False
淘宝,502039679,C13571,0.0,False
淘宝,502048155,C08708,0.0,False
淘宝,502055407,C11011,0.0,False
淘宝,502068213,C08804,0.0,False
淘宝,502111635,C08581,0.0,True
淘宝,502141110,C08453,0.0,False
淘宝,502150715,C08646,0.0,True
淘宝,502164181,C06734,4.2,True
淘宝,502168874,C00908,0.0,True
淘宝,502169656,C08504,0.0,True
淘宝,502205996,C05140,0.0,True
淘宝,502206879,C01977,0.0,False
淘宝,502208607,C08846,0.0,False
淘宝,502249824,C08705,0.0,False
淘宝,502252435,C08895,0.0,True
淘宝,502273567,C02329,0.0,False
淘宝,502278690,C11929,0.0,False
淘宝,502294426,C08597,0.0,True
淘宝,502306330,C08953,0.0,False
淘宝,502488226,C08735,4.1,True
淘宝,502494013,C08614,0.0,False
淘宝,502506806,C04186,0.0,False
淘宝,502521739,C08048,4.2,True
淘宝,502522594,C00003,4.5,True
淘宝,502729823,C09023,5.0,True
淘宝,502734681,C06682,0.0,True
淘宝,502741314,C05001,0.0,False
淘宝,502756485,,0.0,False
淘宝,502780981,C02225,0.0,False
淘宝,502780984,C09076,0.0,False
淘宝,502818281,C06706,0.0,False
淘宝,502821924,C11116,0.0,False
淘宝,502910416,C07165,5.0,True
淘宝,502925312,C08740,0.0,False
淘宝,503076093,C03009,0.0,True
淘宝,503080875,C02341,5.0,True
淘宝,503201099,C00492,0.0,True
淘宝,503226015,C00470,4.1,True
淘宝,503240812,C04363,0.0,True
淘宝,503336599,C07294,3.7,True
淘宝,503364048,C02279,5.0,True
淘宝,503404103,C09267,5.0,True
淘宝,503419237,C13141,0.0,False
淘宝,503473739,C03999,3.8,True
淘宝,503482493,C09025,0.0,False
淘宝,503527163,C09340,0.0,False
淘宝,503734096,C09523,3.8,True
淘宝,503743838,C09392,0.0,False
淘宝,503753805,C09402,0.0,False
淘宝,503758741,C08368,5.0,True
淘宝,503768496,C01927,0.0,False
淘宝,503773430,C00765,0.0,True
淘宝,503773824,C09505,5.0,True
淘宝,503778641,C09319,0.0,False
淘宝,503786690,C09391,0.0,True
淘宝,503788788,C00663,0.0,False
淘宝,503800800,C00711,3.0,True
淘宝,503843882,C09212,0.0,False
淘宝,503852013,C09563,0.0,False
淘宝,503882105,C09586,0.0,False
淘宝,503886830,C09403,3.8,True
淘宝,503925511,C09354,0.0,False
淘宝,503970360,C09549,0.0,True
淘宝,503975312,C09517,0.0,False
淘宝,503992062,C09394,5.0,True
淘宝,504004535,C09229,0.0,False
淘宝,504032649,C09547,4.3,True
淘宝,504037615,C03109,4.1,True
淘宝,504048890,C04267,4.2,True
淘宝,504105229,C00526,0.0,True
淘宝,504134588,C09430,0.0,False
淘宝,504178557,C09314,0.0,False
淘宝,504256271,,0.0,False
淘宝,504288874,C11710,0.0,False
淘宝,504304196,C01848,5.0,True
淘宝,504312136,C14042,0.0,False
淘宝,504537810,C08268,0.0,False
淘宝,504708241,C04917,0.0,False
淘宝,504762560,C09712,0.0,False
淘宝,504972045,C09693,0.0,False
淘宝,505217329,C09646,0.0,True
淘宝,505243363,C09800,0.0,False
淘宝,505310792,C13283,0.0,False
淘宝,505563159,C11498,5.0,True
淘宝,505580200,C09867,0.0,True
淘宝,505591134,C07742,0.0,False
淘宝,505606057,C09880,0.0,False
淘宝,505796521,C02011,0.0,True
淘宝,505846143,C09784,0.0,False
淘宝,505927435,C05233,0.0,False
淘宝,506003749,C09198,3.8,True
淘宝,506008080,C04931,0.0,False
淘宝,506090819,C00682,4.2,True
淘宝,506110035,C06885,0.0,False
淘宝,506114356,C09707,4.7,True
淘宝,506139281,C01075,0.0,False
淘宝,506154832,C10068,0.0,False
淘宝,506178691,C00147,0.0,True
淘宝,506194544,C00006,4.5,True
淘宝,506194557,C04710,0.0,False
淘宝,506228171,C04096,4.3,True
淘宝,506249986,C00058,5.0,True
淘宝,506261053,C10077,0.0,False
淘宝,506343002,C14538,4.4,True
淘宝,506358037,C00002,4.7,True
淘宝,506421521,C07813,4.9,True
淘宝,506465674,C10250,0.0,False
淘宝,506515589,C00485,0.0,True
淘宝,506590916,C10218,4.4,True
淘宝,506600755,C10232,0.0,False
淘宝,506609333,C11385,0.0,False
淘宝,506609881,C10298,0.0,False
淘宝,506610547,C01159,0.0,True
淘宝,506610612,C07646,4.8,True
淘宝,506612854,C02056,0.0,False
淘宝,506638011,C00067,5.0,True
淘宝,506642979,C01861,0.0,False
淘宝,506652866,C00015,0.0,False
淘宝,506720955,C10316,4.8,True
淘宝,507079575,C01065,5.0,True
淘宝,507084303,C01126,0.0,False
淘宝,507085969,C10434,0.0,True
淘宝,507087365,C10337,4.8,True
淘宝,507103934,C00016,4.9,True
淘宝,507108745,C00117,0.0,True
淘宝,507174500,C00236,0.0,False
淘宝,507200797,C00698,0.0,False
淘宝,507284737,C08796,4.8,True
淘宝,507289611,C03626,4.2,True
淘宝,507318754,C00700,5.0,True
淘宝,507330449,C10524,0.0,False
淘宝,507331976,C10470,4.0,True
淘宝,507356988,C10749,0.0,False
淘宝,507403794,C10440,0.0,False
淘宝,507412214,C02652,0.0,True
淘宝,507413160,C11740,0.0,False
淘宝,507426915,C01038,0.0,True
淘宝,507436527,C10406,0.0,False
淘宝,507465707,C11889,0.0,True
淘宝,507497110,C06847,0.0,False
淘宝,507562665,C10871,0.0,False
淘宝,507571050,C10720,0.0,False
淘宝,507607150,C00010,0.0,True
淘宝,507620469,C10844,4.7,True
淘宝,507620475,C10816,0.0,False
淘宝,507638644,C11588,0.0,False
淘宝,507674720,C00362,0.0,True
淘宝,507676766,C00295,5.0,True
淘宝,507676785,C06138,0.0,False
淘宝,507687237,C10915,5.0,True
淘宝,507733658,C10885,0.0,True
淘宝,507888241,C00489,0.0,True
淘宝,507951284,C11125,0.0,False
淘宝,507965016,C05901,0.0,False
淘宝,507990008,C11012,0.0,False
淘宝,508003826,C10746,0.0,False
淘宝,508004097,C03182,0.0,False
淘宝,508026556,C00900,0.0,True
淘宝,508026561,C09064,5.0,True
淘宝,508055449,,0.0,False
淘宝,508055471,C10783,4.9,True
淘宝,508087095,C10827,0.0,False
淘宝,508096433,C11175,0.0,False
淘宝,508118209,C11152,5.0,True
淘宝,508129045,C11120,0.0,False
淘宝,508291873,C11217,0.0,False
淘宝,508340087,C06803,0.0,False
淘宝,508346711,C00456,5.0,True
淘宝,508396659,C00899,0.0,False
淘宝,508825081,C00893,5.0,True
淘宝,508920107,C11105,0.0,False
淘宝,508945096,C00892,2.9,True
淘宝,509109690,C11350,0.0,False
淘宝,509183732,C11426,0.0,False
淘宝,509217702,C11369,0.0,True
淘宝,509219933,C11325,0.0,False
淘宝,509253404,C11472,5.0,True
淘宝,509319529,C11387,0.0,False
淘宝,509351689,C10326,0.0,False
淘宝,509485061,C09209,0.0,True
淘宝,509671897,C00392,4.5,True
淘宝,509677946,C11531,0.0,False
淘宝,509705078,C11465,0.0,False
淘宝,509783857,C11643,0.0,False
淘宝,509797020,C11330,0.0,True
淘宝,509845079,C11328,5.0,True
淘宝,509861556,C11497,0.0,False
淘宝,509871558,C11437,5.0,True
淘宝,509915727,C10891,0.0,False
淘宝,509934045,C13946,0.0,False
淘宝,509949333,C12078,5.0,True
淘宝,509964606,C13201,0.0,False
淘宝,509977760,C11253,0.0,False
淘宝,509999461,C11608,0.0,False
淘宝,510012277,C11492,0.0,False
淘宝,510049297,C11619,0.0,False
淘宝,510051887,C00758,0.0,False
淘宝,510063962,C00460,0.0,True
淘宝,510170129,C11640,4.7,True
淘宝,510198800,C11596,4.5,True
淘宝,510208691,C11850,4.5,False
淘宝,510245822,C13949,0.0,False
淘宝,510255384,C11701,0.0,False
淘宝,510346140,C11709,0.0,False
淘宝,510370968,C11505,0.0,False
淘宝,510407042,C10562,3.8,True
淘宝,510420891,C11757,0.0,False
淘宝,510466869,C11565,0.0,False
淘宝,510505619,C11677,0.0,False
淘宝,510557424,C11873,0.0,False
淘宝,510651448,,0.0,False
淘宝,510652295,C11813,0.0,False
淘宝,510663531,C11909,0.0,False
淘宝,510685565,C11832,0.0,False
淘宝,510750810,C11943,0.0,False
淘宝,510776149,,0.0,False
淘宝,510800536,C11066,0.0,False
淘宝,510804639,C12086,5.0,True
淘宝,510920581,C11910,0.0,False
淘宝,511016315,C12106,0.0,False
淘宝,511061906,C12139,0.0,False
淘宝,511077246,C02690,4.3,True
淘宝,511096291,C12097,5.0,True
淘宝,511100561,C12005,0.0,False
淘宝,511491309,,0.0,False
淘宝,511602495,,0.0,False
淘宝,511642542,C11723,0.0,True
淘宝,511676958,C12241,0.0,False
淘宝,511681141,C12225,0.0,False
淘宝,511770074,C12160,0.0,False
淘宝,511825148,C12302,0.0,True
淘宝,511845527,C12111,0.0,False
淘宝,511924324,C12273,0.0,False
淘宝,511930238,C11936,0.0,False
淘宝,512036999,C11978,0.0,False
淘宝,512043653,C12388,0.0,False
淘宝,512241636,,0.0,False
淘宝,512280748,C12333,0.0,False
淘宝,512315476,C12115,0.0,False
淘宝,512375234,C12459,0.0,False
淘宝,512420317,C12452,5.0,True
淘宝,512527673,C12509,0.0,False
淘宝,512591562,C12561,0.0,False
淘宝,512756654,C12119,0.0,True
淘宝,512765017,C12482,0.0,False
淘宝,512819213,C12539,0.0,False
淘宝,512872639,C04755,0.0,False
淘宝,512950527,C12578,0.0,False
淘宝,512977554,C12505,4.6,True
淘宝,513479522,C12672,0.0,False
淘宝,513504211,C12658,0.0,False
淘宝,513534791,C12697,0.0,False
淘宝,513748513,C10270,0.0,False
淘宝,513830993,C00320,0.0,False
淘宝,513845074,C02360,0.0,False
淘宝,513900286,C12751,0.0,False
淘宝,513936890,C12908,4.8,True
淘宝,513976446,C12709,4.8,True
淘宝,513978008,C11717,0.0,False
淘宝,513990187,C12610,0.0,False
淘宝,514040109,C12729,0.0,False
淘宝,514265232,,5.0,True
淘宝,514415372,C12497,0.0,False
淘宝,514680360,C04296,0.0,False
淘宝,514765373,C11450,0.0,False
淘宝,514846098,C13103,4.4,True
淘宝,514916508,C01102,0.0,False
淘宝,514946327,C12949,4.4,True
淘宝,514962142,C13148,0.0,False
淘宝,515001072,C13019,0.0,False
淘宝,515046191,C12886,5.0,True
淘宝,515076167,C12909,0.0,False
淘宝,515086076,C12617,0.0,False
淘宝,515137101,C12970,0.0,True
淘宝,515137145,C13173,0.0,False
淘宝,515150413,C12767,0.0,False
淘宝,515166674,C12568,0.0,False
淘宝,515385220,C13067,0.0,True
淘宝,516185353,C13162,0.0,False
淘宝,516926961,C00491,0.0,False
淘宝,516927991,C13559,0.0,False
淘宝,516931703,C13193,0.0,False
淘宝,516937488,C13473,0.0,False
淘宝,516942263,C13362,4.8,True
淘宝,516965561,C12570,0.0,False
淘宝,516988224,C13595,5.0,False
淘宝,516993411,C05703,0.0,True
淘宝,517006499,C13315,0.0,False
淘宝,517008288,C13549,0.0,False
淘宝,517008500,C13601,0.0,False
淘宝,517028287,C13536,0.0,False
淘宝,517035908,C13333,0.0,False
淘宝,517037339,C13441,0.0,False
淘宝,517070052,C12612,0.0,False
淘宝,517077820,C13430,0.0,False
淘宝,517077998,C13470,0.0,False
淘宝,517086449,C13263,0.0,False
淘宝,517095273,C13168,0.0,False
淘宝,517117007,C13649,0.0,False
淘宝,517127237,C13135,0.0,False
淘宝,517128351,C13523,0.0,False
淘宝,517145523,C13178,0.0,False
淘宝,517161875,C00463,5.0,True
淘宝,517167469,C13437,5.0,True
淘宝,517172120,C13439,5.0,True
淘宝,517695382,C13243,0.0,False
淘宝,517700828,C12581,5.0,True
淘宝,517710695,C13343,0.0,False
淘宝,517721568,C13443,0.0,True
淘宝,517772247,C13241,0.0,True
淘宝,517797339,C13169,0.0,False
淘宝,517848422,C13310,0.0,False
淘宝,517890057,C13177,4.2,True
淘宝,517915150,C13326,0.0,False
淘宝,517977076,C13240,0.0,False
淘宝,518058728,C13279,0.0,False
淘宝,518165293,C13153,0.0,False
淘宝,518167230,C13457,0.0,False
淘宝,518176021,C13313,0.0,False
淘宝,518180173,C13175,5.0,True
淘宝,518181951,C14050,0.0,False
淘宝,518227922,C13605,0.0,False
淘宝,518280937,C13303,0.0,False
淘宝,518382375,C13357,5.0,True
淘宝,519256261,C11819,5.0,True
淘宝,519261302,C13611,0.0,False
淘宝,519265679,C14286,0.0,False
淘宝,519446024,C13521,0.0,False
淘宝,520145018,C12935,4.9,True
淘宝,520450481,C13551,0.0,False
淘宝,520465096,C13579,0.0,False
淘宝,520510465,C13562,4.1,True
淘宝,520515939,C13509,4.0,True
淘宝,520545234,C13685,0.0,False
淘宝,520545381,C13622,0.0,False
淘宝,520550328,C02169,0.0,False
淘宝,520555893,C13746,0.0,False
淘宝,520555918,C13745,4.5,True
淘宝,520560274,C00752,0.0,True
淘宝,520580417,C02536,4.0,True
淘宝,520600978,C13721,0.0,True
淘宝,520645904,,0.0,False
淘宝,520660663,C05203,0.0,False
淘宝,520661327,C13742,0.0,False
淘宝,520675575,C13167,0.0,False
淘宝,520705068,C13618,0.0,True
淘宝,520755866,C13630,0.0,False
淘宝,521115932,C13629,0.0,False
淘宝,521115935,C13648,0.0,False
淘宝,521145187,C13678,5.0,True
淘宝,521145980,C13781,0.0,True
淘宝,521155994,C13872,0.0,False
淘宝,521203898,C02221,5.0,True
淘宝,521415247,C03033,0.0,True
淘宝,521470472,C13716,5.0,True
淘宝,521505544,C11300,0.0,False
淘宝,521507703,C14326,0.0,False
淘宝,521520021,C15076,3.2,True
淘宝,521595814,C13747,4.9,True
淘宝,522195216,C13743,0.0,False
淘宝,522205204,C13877,4.8,True
淘宝,522215540,C13915,0.0,False
淘宝,522230292,C13739,0.0,False
淘宝,522232127,C13713,0.0,False
淘宝,522235198,C13825,0.0,False
淘宝,522252269,C13970,4.8,True
淘宝,522255216,C13765,0.0,False
淘宝,522265361,C13423,0.0,False
淘宝,522265549,C13893,4.3,True
淘宝,522272886,C08050,0.0,False
淘宝,522287165,C13901,0.0,False
淘宝,522317169,C13586,0.0,True
淘宝,522335220,C13826,0.0,True
淘宝,522335350,C13929,0.0,False
淘宝,522337170,C13822,4.9,True
淘宝,522338758,C06258,5.0,True
淘宝,522340184,C13717,0.0,False
淘宝,522355223,C11499,0.0,False
淘宝,522360190,C13803,0.0,False
淘宝,522395517,C13598,0.0,True
淘宝,522560775,C13882,0.0,False
淘宝,522790090,C13829,0.0,False
淘宝,522938942,C13219,0.0,False
淘宝,523021682,C05419,4.0,True
淘宝,523100843,C13712,0.0,False
淘宝,523218223,C13959,0.0,False
淘宝,523550134,C13793,0.0,False
淘宝,523675771,C13913,4.8,True
淘宝,524390087,C14003,0.0,True
淘宝,524525151,C06753,0.0,False
淘宝,524626385,C10822,3.0,True
淘宝,524635573,C09165,5.0,True
淘宝,524675144,C14018,0.0,False
淘宝,524680111,C12079,4.0,True
淘宝,524731442,C14033,0.0,True
淘宝,524735122,C14057,0.0,False
淘宝,524766495,C14163,0.0,False
淘宝,524896394,C14113,0.0,False
淘宝,524905424,C05727,5.0,True
淘宝,524911306,C14046,4.4,True
淘宝,524916269,C14015,0.0,False
淘宝,524920537,C08234,0.0,False
淘宝,525067813,C14297,4.7,True
淘宝,525095784,C14039,0.0,True
淘宝,525096490,C14253,0.0,False
淘宝,525300861,C15039,0.0,True
淘宝,525375559,,0.0,False
淘宝,525840059,C14196,0.0,True
淘宝,525840273,C08241,0.0,False
淘宝,526700302,C01079,0.0,True
淘宝,526705338,C13427,0.0,True
淘宝,526790221,C14189,4.9,True
淘宝,526805253,C02866,0.0,False
淘宝,526815211,C14198,0.0,False
淘宝,526830217,C10630,0.0,True
淘宝,526910589,C14580,0.0,False
淘宝,527035205,C10627,5.0,True
淘宝,527055199,C14229,0.0,False
淘宝,527056533,C14299,0.0,True
淘宝,527416100,C14268,0.0,False
淘宝,528745377,C14277,5.0,False
淘宝,528800347,C03630,0.0,False
淘宝,528821227,C14345,0.0,True
淘宝,528831213,C14409,0.0,False
淘宝,528851457,C04616,5.0,True
淘宝,528855454,C14381,0.0,True
淘宝,528890340,C10282,0.0,False
淘宝,528900349,C14321,0.0,False
淘宝,528905395,,0.0,False
淘宝,528910337,C13447,3.5,True
淘宝,528915360,C14347,4.3,True
淘宝,528925321,C14285,0.0,False
淘宝,529315253,C14358,0.0,False
淘宝,529359421,C14063,0.0,False
淘宝,529390306,C11896,0.0,True
淘宝,529611739,C14539,0.0,False
淘宝,529641025,C14307,0.0,True
淘宝,529736945,C14577,0.0,False
淘宝,529860686,C14433,0.0,False
淘宝,529971123,C14546,0.0,False
淘宝,530270424,C14570,0.0,False
淘宝,530375113,C05201,0.0,True
淘宝,530490685,C10277,0.0,False
淘宝,530650226,C14530,0.0,False
淘宝,531096193,C13823,0.0,True
淘宝,531195886,C14568,0.0,True
淘宝,531355693,C14073,0.0,True
淘宝,531430112,C14489,4.0,True
淘宝,531560937,C14616,0.0,True
淘宝,531998682,C11485,0.0,False
淘宝,532185441,C11458,5.0,True
淘宝,532250169,C14569,0.0,True
淘宝,532670007,C14559,4.8,True
淘宝,532975032,C11842,0.0,False
淘宝,533690027,C14603,0.0,True
淘宝,533880370,C14646,0.0,False
淘宝,533940349,C11878,0.0,True
淘宝,534045345,C10777,0.0,False
淘宝,534050308,C13643,0.0,True
淘宝,534110013,C14605,0.0,False
淘宝,534295003,C14543,0.0,True
淘宝,534532806,C13968,0.0,True
淘宝,534565008,C14463,0.0,False
淘宝,534990236,C14665,0.0,False
淘宝,535198158,C14708,0.0,False
淘宝,535560114,C00310,0.0,True
淘宝,535925080,C09103,5.0,True
淘宝,536280021,C14698,0.0,False
淘宝,536290914,C00989,0.0,False
淘宝,536466974,C14661,0.0,True
淘宝,536495325,C14737,0.0,False
淘宝,536495326,C14720,0.0,False
淘宝,536506881,C14739,0.0,False
淘宝,536926930,C14673,0.0,False
淘宝,536940485,C14668,0.0,False
淘宝,536960445,C14709,4.9,True
淘宝,536975213,C14731,4.8,True
淘宝,537055309,C14725,0.0,True
淘宝,537081607,C11343,4.7,True
淘宝,537125025,C14662,0.0,False
淘宝,537317800,C14755,0.0,False
淘宝,538425032,C14779,0.0,False
淘宝,538430213,C14803,4.7,True
淘宝,538445431,C14793,4.9,True
淘宝,539210585,C11642,0.0,True
淘宝,540655125,C14862,0.0,True
淘宝,540680040,C04708,0.0,False
淘宝,540815610,C13950,0.0,False
淘宝,540820291,C02515,0.0,False
淘宝,540951920,C14906,4.9,True
淘宝,540955999,C14861,0.0,False
淘宝,540970704,C14481,0.0,False
淘宝,540972624,C14998,4.4,True
淘宝,540988292,C01058,0.0,True
淘宝,541441951,C14957,0.0,False
淘宝,541566552,C14991,4.0,True
淘宝,541570015,C08799,0.0,True
淘宝,541586815,C14978,0.0,False
淘宝,541766629,C14117,4.3,True
淘宝,541775787,C14949,0.0,True
淘宝,541777773,C14221,0.0,True
淘宝,541795907,C14930,0.0,False
淘宝,541805425,C14927,0.0,False
淘宝,541811981,C13513,4.7,True
淘宝,541814448,C15133,0.0,False
淘宝,541824891,,0.0,False
淘宝,541833207,C15019,4.8,True
淘宝,541891976,C15001,0.0,True
淘宝,542598398,,0.0,False
淘宝,542736188,C00356,0.0,False
淘宝,542855199,C14996,0.0,True
淘宝,542900834,C15018,0.0,False
淘宝,543099201,C00149,0.0,True
淘宝,543460630,C15009,4.9,True
淘宝,543742235,,5.0,True
淘宝,543746015,C14990,5.0,True
淘宝,543746824,,5.0,True
淘宝,543751275,C15017,0.0,True
淘宝,544306227,,0.0,False
淘宝,544575802,,0.0,True
淘宝,545090110,,0.0,False
淘宝,557059,C14075,4.9,True
淘宝,600955,C02363,0.0,False
淘宝,640975,C02145,0.0,False
淘宝,668514,C02783,3.4,True
淘宝,672580,C13122,3.7,True
淘宝,725322,C02381,0.0,False
淘宝,743045,C02398,4.0,True
淘宝,775863,C02243,0.0,False
淘宝,794963,C02956,0.0,False
淘宝,797844,C08891,0.0,False
淘宝,813082,C02422,0.0,False
淘宝,836599,C01093,4.9,True
淘宝,914754,C02361,0.0,False
淘宝,918615,C02946,0.0,False
淘宝,931870,C00039,4.7,True
淘宝,931871,C00005,4.6,True
淘宝,936085,C03117,0.0,False
淘宝,936089,C02411,0.0,False
淘宝,936092,C02842,4.6,True
淘宝,936133,C03003,0.0,False
淘宝,936136,,0.0,False
淘宝,936141,C02983,0.0,False
淘宝,936147,C02428,0.0,False
淘宝,959347,C02849,5.0,True
淘宝,996732,C02257,0.0,False
京东,15967916,C13865,5.0,True
京东,15905776,C10499,5.0,True
京东,15905476,C01986,5.0,True
京东,16019775,C09104,5.0,True
京东,15967966,C02221,5.0,True
京东,15905446,C01936,5.0,True
京东,16638053,C02218,5.0,False
京东,15967978,C02095,5.0,True
京东,16130440,C11709,5.0,False
京东,16130471,C10417,5.0,False
京东,15905452,C13822,5.0,True
京东,15967935,C06385,5.0,False
京东,14823729,C03052,5.0,True
京东,14305203,C00016,5.0,False
京东,15905470,C02583,5.0,False
京东,15967942,C10630,5.0,False
京东,15967964,C02448,5.0,True
京东,15905445,C06258,5.0,True
京东,15968022,C14873,5.0,False
京东,15967915,C12488,5.0,True
京东,15905430,C06126,5.0,True
京东,15967948,C13877,5.0,True
京东,15968025,C02943,5.0,True
京东,15968043,C13622,5.0,False
京东,16019780,C11397,5.0,True
京东,15968019,C01933,5.0,True
京东,15968042,C04749,5.0,True
京东,15967913,C13586,5.0,True
京东,15905422,C06352,5.0,False
京东,15905507,C10301,5.0,True
京东,15861063,C13915,5.0,False
京东,15905510,C10434,5.0,True
京东,15967988,C12578,5.0,False
京东,14264562,C05047,5.0,True
京东,14725188,C13241,5.0,True
京东,14725162,C13516,5.0,True
京东,14270460,C10320,5.0,False
京东,16257044,C13939,5.0,True
京东,16189389,C00281,5.0,True
京东,14657078,C07812,5.0,True
京东,16256683,C11441,5.0,True
京东,16638143,C04120,5.0,True
京东,16638080,C10998,5.0,True
京东,14270458,C00003,5.0,True
京东,14331983,C00010,5.0,False
京东,14543595,C07582,5.0,True
京东,14270469,C08198,5.0,True
京东,14292469,C00058,5.0,True
京东,14264570,C04683,5.0,True
京东,16383950,C04110,5.0,True
京东,14657072,C01848,5.0,True
京东,15967987,C12767,5.0,False
京东,16638131,C11064,5.0,True
京东,15122792,C00398,5.0,True
京东,16383978,C11762,5.0,True
京东,14394345,C10229,5.0,True
京东,14948038,C10337,5.0,True
京东,14725191,C03967,5.0,True
京东,16383943,C06037,5.0,False
京东,16189130,C12119,5.0,True
京东,16383942,C12210,5.0,True
京东,14657280,C10284,5.0,True
京东,14311014,C00009,5.0,False
京东,15173275,C13175,5.0,True
京东,16189133,C08076,5.0,True
京东,14262339,C08571,5.0,False
京东,14305196,C03612,5.0,True
京东,15122752,C00405,5.0,False
京东,14309298,C02075,5.0,False
京东,14594547,C02053,5.0,True
京东,14594544,C02889,5.0,True
京东,14657311,C10915,5.0,True
京东,14270474,C12251,5.0,True
京东,16256738,C12257,5.0,True
京东,14594553,C09146,5.0,True
京东,14331986,C06423,5.0,False
京东,14394343,C02242,5.0,True
京东,14520831,C00007,5.0,True
京东,14262336,C12575,5.0,True
京东,14700214,C03761,5.0,True
京东,14725185,C09599,5.0,True
京东,14270463,C00321,5.0,False
京东,16189147,C11810,5.0,True
京东,14270472,C08735,5.0,False
京东,16256680,C00560,5.0,True
京东,16383979,C11609,5.0,True
京东,14264567,C10218,5.0,True
京东,14657069,C10283,5.0,True
京东,16383951,C11006,5.0,True
京东,14594566,C02919,5.0,True
京东,16256674,C11350,5.0,False
京东,14264564,C07813,5.0,True
京东,14292465,C05169,5.0,False
京东,14261048,C09193,5.0,True
京东,14311012,C07120,5.0,True
京东,16256710,C06403,5.0,True
京东,15967944,C05336,5.0,True
京东,16189134,C13019,5.0,False
京东,16638142,C11620,5.0,False
京东,16130466,C11819,5.0,True
京东,14876896,C02866,5.0,False
京东,16190095,C13781,5.0,True
京东,16016520,C04225,5.0,True
京东,16256684,C02005,5.0,True
京东,15905456,C05068,5.0,False
京东,15967931,C11770,5.0,True
京东,17092252,C07887,5.0,True
京东,14657198,C12057,5.0,True
京东,16257046,C11106,5.0,True
京东,15967946,C04203,5.0,True
京东,14270467,C00401,5.0,True
京东,15967961,C00177,5.0,True
京东,17092253,C02007,5.0,True
京东,16638165,C00481,5.0,False
京东,14262337,C00013,5.0,True
京东,16189137,C06013,5.0,False
京东,16638038,C14633,5.0,True
京东,16391140,C04363,5.0,True
京东,16638172,C00362,5.0,False
京东,16914077,C01403,5.0,True
京东,16257048,C06734,5.0,True
京东,15905777,C05140,5.0,True
京东,15967974,C03467,5.0,False
京东,16256732,C09208,5.0,False
京东,16256703,C08881,5.0,True
京东,16638039,C09099,5.0,False
京东,16638027,C01139,5.0,False
京东,15967959,C02555,5.0,True
京东,16638031,C13936,5.0,True
京东,15905525,C11498,5.0,True
京东,16638100,C02978,5.0,False
京东,17279853,C14390,5.0,True
京东,16638119,C11792,5.0,False
京东,16638035,C11945,5.0,True
京东,15967992,C12595,5.0,True
京东,15968008,C10316,5.0,True
京东,15905435,C05402,5.0,True
京东,16256688,C00503,5.0,True
京东,16914074,C09267,5.0,True
京东,14520834,C08570,5.0,True
京东,16189387,C13067,5.0,False
京东,16189129,C00407,5.0,True
京东,15861078,C02236,5.0,True
京东,16189122,C06228,5.0,False
京东,14270461,C00250,5.0,True
京东,16638105,C07642,5.0,True
京东,16190050,C10183,5.0,True
京东,15494836,C02826,5.0,True
京东,15968000,C09391,5.0,True
京东,17662740,C00927,5.0,False
京东,15968187,C11745,5.0,True
京东,16638136,C06138,5.0,False
京东,16638055,C13693,5.0,True
京东,16638036,C07960,5.0,True
京东,16384008,C06008,5.0,True
京东,16638088,C00516,5.0,True
京东,16130438,C11187,5.0,True
京东,17450642,C11932,5.0,True
京东,16383952,C04946,5.0,False
京东,16256717,C07760,5.0,True
京东,16189388,C00288,5.0,False
京东,14930734,C07072,5.0,True
京东,17082652,C05017,5.0,True
京东,17476405,C07764,5.0,True
京东,15861059,C12566,5.0,True
京东,16256693,C06017,5.0,False
京东,15861056,C10349,5.0,False
京东,16256730,C04267,5.0,True
京东,16638171,C10427,5.0,False
京东,15861110,C13357,5.0,True
京东,17662742,C12581,5.0,True
京东,15968002,C00900,5.0,False
京东,15905506,C10462,5.0,True
京东,17390640,C13437,5.0,True
京东,16638093,C14321,5.0,False
京东,16638091,C13721,5.0,True
京东,17592439,C03013,5.0,True
京东,16638064,C03630,5.0,True
京东,16130439,C06724,5.0,True
京东,17210594,C14433,5.0,False
京东,16257083,C13449,5.0,False
京东,16170850,C10069,5.0,False
京东,16638025,C08553,5.0,True
京东,16914064,C13893,5.0,True
京东,19294522,C11128,5.0,False
京东,16189141,C05727,5.0,True
京东,16256687,C10822,5.0,True
京东,17390514,C13912,5.0,True
京东,16189135,C00986,5.0,True
京东,16383945,C02683,5.0,True
京东,17552628,C14307,5.0,True
京东,15967971,C02038,5.0,True
京东,16638111,C06558,5.0,True
京东,17210598,C11896,5.0,True
京东,16914067,C05128,5.0,True
京东,15967911,C05446,5.0,True
京东,15968035,C00908,5.0,True
京东,15385827,C13913,5.0,True
京东,16638124,C05817,5.0,True
京东,17390585,C13716,5.0,True
京东,17146731,C07294,5.0,True
京东,19748493,C14627,5.0,True
京东,17450636,C14446,5.0,False
京东,15967932,C10628,5.0,True
京东,15905494,C06626,5.0,True
京东,14270473,C10088,5.0,True
京东,16256691,C10897,5.0,True
京东,20492932,C13826,5.0,True
京东,16383965,C00460,5.0,True
京东,17390626,C12509,5.0,False
京东,17633468,C01216,5.0,True
京东,16638148,C04133,5.0,False
京东,16189142,C09646,5.0,True
京东,15905463,C02279,5.0,True
京东,16914091,C03951,5.0,True
京东,17146732,C11259,5.0,False
京东,16638167,C11565,5.0,False
京东,16638230,C05093,5.0,True
京东,16638060,C00847,5.0,False
京东,16914073,C08346,5.0,True
京东,15807734,C13447,5.0,True
京东,16638034,C10169,5.0,True
京东,23403352,C15002,5.0,True
京东,16914075,C02323,4.94,True
京东,14270465,C00002,4.93,True
京东,14309305,C02849,4.91,True
京东,16189136,C11596,4.91,True
京东,14701062,C00039,4.9,True
京东,16638067,C02276,4.9,True
京东,16638095,C14196,4.9,False
京东,23824713,C07605,4.9,True
京东,17552629,C14345,4.9,True
京东,15967929,C11134,4.89,True
京东,15967989,C01301,4.88,True
京东,15905444,C12079,4.88,True
京东,16383967,C02925,4.88,True
京东,16638078,C02046,4.88,True
京东,16914078,C14905,4.88,True
京东,14876901,C10066,4.86,True
京东,16384115,C09505,4.86,True
京东,16638140,C00455,4.86,True
京东,15905497,C02536,4.85,True
京东,14262389,C00008,4.84,True
京东,16189148,C14318,4.83,True
京东,14745038,C00011,4.83,True
京东,16638026,C01032,4.83,True
京东,16384022,C09342,4.82,True
京东,14394339,C04123,4.81,True
京东,14594557,C02087,4.8,True
京东,16638069,C01373,4.8,True
京东,16257090,C00925,4.8,False
京东,16914086,C13595,4.8,True
京东,20200808,C05780,4.8,True
京东,16638169,C14033,4.8,True
京东,23540939,C14299,4.8,True
京东,14311017,C00067,4.8,False
京东,14309306,C02690,4.78,True
京东,15905473,C12740,4.78,True
京东,16638049,C01073,4.78,True
京东,17552624,C11413,4.75,True
京东,16914054,C00716,4.75,True
京东,17904388,C14349,4.75,True
京东,15861086,C07160,4.75,True
京东,16638033,C11640,4.75,True
京东,16638138,C11938,4.75,False
京东,14657073,C02210,4.74,True
京东,15861064,C02183,4.73,True
京东,14594564,C09919,4.73,True
京东,16384079,C02247,4.71,True
京东,16384042,,4.71,True
京东,17604987,C04616,4.71,True
京东,14594574,C13678,4.7,False
京东,14394341,C02256,4.7,True
京东,16638122,C07162,4.7,True
京东,16130435,,4.69,True
京东,14594565,C06259,4.67,True
京东,14657075,C02180,4.67,False
京东,14823393,C02266,4.67,True
京东,15968011,C09551,4.67,False
京东,16638117,C09566,4.67,True
京东,16384050,C00700,4.67,True
京东,16638085,C11840,4.67,False
京东,15861073,C13543,4.67,True
京东,14725163,C02936,4.67,False
京东,14305205,C09039,4.64,True
京东,14262390,C00046,4.63,True
京东,16189112,C02252,4.63,True
京东,14311013,C00021,4.62,True
京东,17450635,C14039,4.62,True
京东,14725165,C02923,4.6,True
京东,14270462,C09375,4.6,True
京东,16189123,C13747,4.6,False
京东,15905498,C13786,4.6,True
京东,16638236,C00623,4.6,False
京东,16914072,C13951,4.58,False
京东,15905442,,4.57,False
京东,15967940,C02386,4.56,True
京东,14262335,C07646,4.56,True
京东,14292466,C03943,4.56,True
京东,15967975,C03106,4.56,True
京东,14725187,,4.56,True
京东,14520836,C13117,4.56,True
京东,14700210,C02003,4.55,False
京东,14331987,C00227,4.55,True
京东,14264563,C10583,4.53,True
京东,15967923,C11603,4.53,True
京东,15968185,C04067,4.5,True
京东,15905477,C02139,4.5,True
京东,15861066,C03765,4.5,True
京东,15160694,C14991,4.5,True
京东,14594541,C03121,4.5,True
京东,14270470,C07661,4.5,True
京东,16638137,C12078,4.5,True
京东,16256690,C11437,4.5,True
京东,16391316,C00492,4.5,False
京东,16638145,C07312,4.5,True
京东,14723619,C00127,4.5,True
京东,16170645,C05106,4.5,True
京东,15968024,C02668,4.5,True
京东,17727229,C14485,4.5,True
京东,16638099,C12696,4.5,True
京东,17146733,C02299,4.5,True
京东,17604989,C08948,4.5,False
京东,22705662,C14793,4.5,True
京东,16256709,C11771,4.48,True
京东,16384083,C12033,4.46,True
京东,14264565,C00412,4.45,True
京东,14594558,C07303,4.44,True
京东,14594559,C02567,4.43,True
京东,15861074,C02652,4.43,True
京东,14261050,C09673,4.43,False
京东,16638028,C08311,4.43,True
京东,15968014,C01066,4.4,True
京东,16914080,C12898,4.4,True
京东,14394333,C14590,4.36,True
京东,14876895,C02807,4.36,True
京东,15905486,C02049,4.36,True
京东,16383955,C00456,4.33,True
京东,15905485,C11328,4.33,True
京东,14204946,C03607,4.33,True
京东,15967919,C12039,4.33,True
京东,16914082,C07581,4.33,True
京东,15122755,C02810,4.33,True
京东,15967927,C03818,4.33,False
京东,16638166,C12886,4.33,True
京东,16638168,C03132,4.33,True
京东,21492023,C14709,4.33,True
京东,16019921,C03463,4.32,True
京东,15967905,C04070,4.32,True
京东,16020071,C15041,4.31,True
京东,14876893,C03099,4.31,True
京东,14262338,C10567,4.29,True
京东,16130447,C13362,4.29,True
京东,14264566,C00402,4.27,True
京东,14270468,C05138,4.27,True
京东,14270466,C00006,4.27,True
京东,15905464,C10332,4.25,True
京东,15967947,C02082,4.25,True
京东,15967914,C09404,4.25,True
京东,14594561,C13906,4.25,True
京东,14594560,C02192,4.25,True
京东,17082651,C02231,4.25,True
京东,15905502,C02456,4.25,True
京东,14725254,C02647,4.24,True
京东,15678871,C02805,4.22,True
京东,16256678,C05461,4.21,True
京东,17775709,C14250,4.21,True
京东,15905515,C02872,4.2,True
京东,15385831,C11472,4.2,True
京东,16256696,C05237,4.2,True
京东,14311018,C12685,4.2,True
京东,16389603,C02011,4.2,True
京东,15967909,C11330,4.2,True
京东,16256698,C01055,4.2,True
京东,15905421,C08234,4.17,False
京东,15967939,C11889,4.17,True
京东,14317837,C03978,4.14,False
京东,14270457,C04096,4.13,True
京东,17210596,C06071,4.13,True
京东,14292467,C00295,4.11,True
京东,17210592,C12935,4.11,True
京东,14725301,C13618,4.08,True
京东,14876898,C02253,4.08,True
京东,15905484,C13509,4.08,True
京东,15905480,C11251,4.07,True
京东,15200662,C08374,4.07,True
京东,15905993,C02892,4.0,True
京东,15905495,C02498,4.0,True
京东,15967996,C14264,4.0,True
京东,15905478,C11581,4.0,True
京东,15905426,C03109,4.0,True
京东,15967949,C08708,4.0,False
京东,15905517,C13745,4.0,True
京东,15967941,C05798,4.0,True
京东,16384114,C07119,4.0,True
京东,16389398,C10182,4.0,True
京东,14725181,C13392,4.0,True
京东,16638044,C11369,4.0,True
京东,14594551,C03031,4.0,True
京东,14725167,C02216,4.0,True
京东,14305197,C00125,4.0,True
京东,16190067,C11761,4.0,True
京东,14725180,C13179,4.0,True
京东,14723360,C00081,4.0,True
京东,14725182,C13122,4.0,True
京东,16383996,C04111,4.0,True
京东,16914071,C00930,4.0,True
京东,15967986,C13970,4.0,True
京东,16638133,C08350,4.0,True
京东,16384031,C04865,4.0,True
京东,15967924,C13991,4.0,False
京东,17082657,C00211,4.0,True
京东,16638146,C09704,4.0,True
京东,17279849,C03037,4.0,True
京东,16256700,C11442,4.0,True
京东,15905508,C14999,4.0,False
京东,16638050,C01099,4.0,True
京东,17450639,C14409,4.0,True
京东,16384043,C13522,4.0,True
京东,16384024,C01072,4.0,True
京东,17755256,C01861,4.0,True
京东,16130453,C05703,4.0,True
京东,17390525,C12452,4.0,True
京东,16389610,C12029,4.0,True
京东,16638161,C13427,4.0,False
京东,17633470,C10074,4.0,True
京东,15905518,C06841,4.0,True
京东,15905465,C09547,4.0,True
京东,19811043,C14603,4.0,True
京东,22816256,C00871,4.0,True
京东,16638164,C00673,4.0,True
京东,19502195,C14073,4.0,True
京东,14311019,C00023,4.0,True
京东,16638094,C08048,4.0,True
京东,16130448,C06117,3.95,True
京东,15967967,C02137,3.95,True
京东,14725179,C11008,3.93,True
京东,14264573,C03897,3.9,True
京东,14394336,C14046,3.89,True
京东,14394599,C09764,3.86,True
京东,15905474,C02229,3.86,True
京东,17335901,C14381,3.86,True
京东,14876891,C13177,3.83,True
京东,16189132,C04132,3.83,True
京东,16384015,C08045,3.81,True
京东,16189138,C12613,3.8,True
京东,17279852,C14368,3.8,True
京东,15861062,C05483,3.75,False
京东,15905481,C06480,3.75,True
京东,15905503,C12240,3.75,True
京东,15122753,C02513,3.75,True
京东,16256679,C09549,3.75,True
京东,14725193,,3.75,True
京东,15968003,C05056,3.75,True
京东,16384071,C00952,3.73,True
京东,16189109,C02333,3.7,False
京东,14594542,C02043,3.67,True
京东,15968182,C01972,3.67,True
京东,16018611,C11560,3.67,True
京东,16130457,C12479,3.67,True
京东,15905505,C02203,3.67,True
京东,16130460,C05368,3.67,False
京东,15861080,C12097,3.67,True
京东,15861055,C13153,3.67,False
京东,16189131,C01122,3.67,False
京东,14520832,C00267,3.67,True
京东,14594555,C04169,3.67,True
京东,14725215,C02539,3.67,True
京东,16383959,C05555,3.67,True
京东,14264568,C09523,3.67,True
京东,16256677,C10844,3.67,True
京东,16189144,C00485,3.67,True
京东,14394335,C13430,3.67,False
京东,16384038,C12610,3.67,False
京东,16638106,C13439,3.67,True
京东,16257047,C09165,3.67,True
京东,16638059,C01851,3.67,False
京东,16019848,C02712,3.67,True
京东,16130468,C06082,3.67,True
京东,14305195,C00005,3.67,True
京东,16256741,C02477,3.67,True
京东,17727227,C14464,3.67,False
京东,17335900,C13823,3.67,True
京东,17662733,C13327,3.67,True
京东,16256682,C11343,3.67,True
京东,16638125,C12587,3.67,True
京东,17390512,C12729,3.67,False
京东,17390535,C13103,3.67,True
京东,23104604,C14996,3.67,True
京东,15967953,C01957,3.67,False
京东,19553939,C14559,3.63,True
京东,15967907,C04450,3.6,True
京东,15967984,C02842,3.6,True
京东,14725184,C02135,3.6,True
京东,14305199,C00126,3.6,True
京东,16638163,C10177,3.6,True
京东,15967957,C12279,3.6,True
京东,15385936,C06427,3.6,True
京东,16384045,C12970,3.6,True
京东,14264569,C04246,3.57,True
京东,16638081,C12709,3.57,True
京东,14317838,C02783,3.57,True
京东,16383960,C00828,3.57,True
京东,16256743,C07606,3.56,True
京东,15122757,C10562,3.56,True
京东,16130437,C02535,3.56,True
京东,16914056,C00752,3.56,True
京东,16130616,C12908,3.55,True
京东,15967925,C10243,3.55,True
京东,16638128,C04390,3.55,True
京东,15968030,C08122,3.5,True
京东,15967997,C13673,3.5,True
京东,15861061,C14297,3.5,False
京东,15861057,C05736,3.5,True
京东,14657079,C10627,3.5,True
京东,14725166,C04561,3.5,True
京东,16189385,C07222,3.5,True
京东,14305198,C08796,3.5,True
京东,14657070,C05231,3.5,False
京东,14594563,C02395,3.5,True
京东,16130475,C14347,3.5,True
京东,16383990,C05477,3.5,True
京东,15967956,C14117,3.5,True
京东,16384039,C11141,3.5,True
京东,16130451,,3.5,False
京东,17146734,C03020,3.5,True
京东,15122781,C03033,3.5,True
京东,16638127,C09431,3.5,True
京东,16638066,C00831,3.5,True
